entidad,edad_original,edad,sexo,poblacion
Total,0 Años,0,Hombres,916140
Total,0 Años,0,Mujeres,896837
Total,1 Año,1,Hombres,967223
Total,1 Año,1,Mujeres,942735
Total,2 Años,2,Hombres,1031816
Total,2 Años,2,Mujeres,1009303
Total,3 Años,3,Hombres,1060809
Total,3 Años,3,Mujeres,1047597
Total,4 Años,4,Hombres,1101494
Total,4 Años,4,Mujeres,1073411
Total,5 Años,5,Hombres,1106361
Total,5 Años,5,Mujeres,1072540
Total,6 Años,6,Hombres,1057642
Total,6 Años,6,Mujeres,1037707
Total,7 Años,7,Hombres,1087091
Total,7 Años,7,Mujeres,1059203
Total,8 Años,8,Hombres,1140496
Total,8 Años,8,Mujeres,1093999
Total,9 Años,9,Hombres,1061501
Total,9 Años,9,Mujeres,1047839
Total,10 Años,10,Hombres,1174026
Total,10 Años,10,Mujeres,1125241
Total,11 Años,11,Hombres,1066706
Total,11 Años,11,Mujeres,1034766
Total,12 Años,12,Hombres,1146128
Total,12 Años,12,Mujeres,1103439
Total,13 Años,13,Hombres,1082309
Total,13 Años,13,Mujeres,1058332
Total,14 Años,14,Hombres,1085091
Total,14 Años,14,Mujeres,1067502
Total,15 Años,15,Hombres,1113136
Total,15 Años,15,Mujeres,1080658
Total,16 Años,16,Hombres,1054448
Total,16 Años,16,Mujeres,1032036
Total,17 Años,17,Hombres,1122956
Total,17 Años,17,Mujeres,1089440
Total,18 Años,18,Hombres,1172693
Total,18 Años,18,Mujeres,1134982
Total,19 Años,19,Hombres,998917
Total,19 Años,19,Mujeres,1007424
Total,20 Años,20,Hombres,1146232
Total,20 Años,20,Mujeres,1161603
Total,21 Años,21,Hombres,957236
Total,21 Años,21,Mujeres,960314
Total,22 Años,22,Hombres,1061846
Total,22 Años,22,Mujeres,1067065
Total,23 Años,23,Hombres,1005112
Total,23 Años,23,Mujeres,1028971
Total,24 Años,24,Hombres,995458
Total,24 Años,24,Mujeres,1038258
Total,25 Años,25,Hombres,1063775
Total,25 Años,25,Mujeres,1115241
Total,26 Años,26,Hombres,954163
Total,26 Años,26,Mujeres,1022308
Total,27 Años,27,Hombres,955081
Total,27 Años,27,Mujeres,999565
Total,28 Años,28,Hombres,1001692
Total,28 Años,28,Mujeres,1042848
Total,29 Años,29,Hombres,886693
Total,29 Años,29,Mujeres,951635
Total,30 Años,30,Hombres,1148015
Total,30 Años,30,Mujeres,1218303
Total,31 Años,31,Hombres,734272
Total,31 Años,31,Mujeres,807132
Total,32 Años,32,Hombres,959947
Total,32 Años,32,Mujeres,1037842
Total,33 Años,33,Hombres,849187
Total,33 Años,33,Mujeres,927893
Total,34 Años,34,Hombres,836305
Total,34 Años,34,Mujeres,901931
Total,35 Años,35,Hombres,966246
Total,35 Años,35,Mujeres,1036930
Total,36 Años,36,Hombres,870975
Total,36 Años,36,Mujeres,957381
Total,37 Años,37,Hombres,767996
Total,37 Años,37,Mujeres,832855
Total,38 Años,38,Hombres,941824
Total,38 Años,38,Mujeres,1000225
Total,39 Años,39,Hombres,784489
Total,39 Años,39,Mujeres,861355
Total,40 Años,40,Hombres,1059322
Total,40 Años,40,Mujeres,1146683
Total,41 Años,41,Hombres,624905
Total,41 Años,41,Mujeres,690335
Total,42 Años,42,Hombres,928285
Total,42 Años,42,Mujeres,997622
Total,43 Años,43,Hombres,768115
Total,43 Años,43,Mujeres,850194
Total,44 Años,44,Hombres,681677
Total,44 Años,44,Mujeres,756448
Total,45 Años,45,Hombres,919327
Total,45 Años,45,Mujeres,976618
Total,46 Años,46,Hombres,718647
Total,46 Años,46,Mujeres,790847
Total,47 Años,47,Hombres,725378
Total,47 Años,47,Mujeres,782495
Total,48 Años,48,Hombres,763098
Total,48 Años,48,Mujeres,828232
Total,49 Años,49,Hombres,685894
Total,49 Años,49,Mujeres,751877
Total,50 Años,50,Hombres,890709
Total,50 Años,50,Mujeres,974467
Total,51 Años,51,Hombres,519757
Total,51 Años,51,Mujeres,580730
Total,52 Años,52,Hombres,711793
Total,52 Años,52,Mujeres,779167
Total,53 Años,53,Hombres,606024
Total,53 Años,53,Mujeres,675736
Total,54 Años,54,Hombres,603880
Total,54 Años,54,Mujeres,695269
Total,55 Años,55,Hombres,621423
Total,55 Años,55,Mujeres,694085
Total,56 Años,56,Hombres,591296
Total,56 Años,56,Mujeres,644523
Total,57 Años,57,Hombres,476655
Total,57 Años,57,Mujeres,536515
Total,58 Años,58,Hombres,524223
Total,58 Años,58,Mujeres,589095
Total,59 Años,59,Hombres,479379
Total,59 Años,59,Mujeres,538764
Total,60 Años,60,Hombres,627532
Total,60 Años,60,Mujeres,705998
Total,61 Años,61,Hombres,347068
Total,61 Años,61,Mujeres,399294
Total,62 Años,62,Hombres,456755
Total,62 Años,62,Mujeres,516023
Total,63 Años,63,Hombres,431407
Total,63 Años,63,Mujeres,488413
Total,64 Años,64,Hombres,395100
Total,64 Años,64,Mujeres,453472
Total,65 Años,65,Hombres,462245
Total,65 Años,65,Mujeres,520856
Total,66 Años,66,Hombres,316121
Total,66 Años,66,Mujeres,363669
Total,67 Años,67,Hombres,316743
Total,67 Años,67,Mujeres,350108
Total,68 Años,68,Hombres,349542
Total,68 Años,68,Mujeres,404171
Total,69 Años,69,Hombres,262199
Total,69 Años,69,Mujeres,299423
Total,70 Años,70,Hombres,332464
Total,70 Años,70,Mujeres,383782
Total,71 Años,71,Hombres,194181
Total,71 Años,71,Mujeres,219326
Total,72 Años,72,Hombres,272830
Total,72 Años,72,Mujeres,307181
Total,73 Años,73,Hombres,223788
Total,73 Años,73,Mujeres,256636
Total,74 Años,74,Hombres,210229
Total,74 Años,74,Mujeres,246923
Total,75 Años,75,Hombres,219479
Total,75 Años,75,Mujeres,250636
Total,76 Años,76,Hombres,178282
Total,76 Años,76,Mujeres,205385
Total,77 Años,77,Hombres,148489
Total,77 Años,77,Mujeres,168928
Total,78 Años,78,Hombres,171128
Total,78 Años,78,Mujeres,191770
Total,79 Años,79,Hombres,130520
Total,79 Años,79,Mujeres,149965
Total,80 Años,80,Hombres,156170
Total,80 Años,80,Mujeres,192832
Total,81 Años,81,Hombres,83368
Total,81 Años,81,Mujeres,98336
Total,82 Años,82,Hombres,102905
Total,82 Años,82,Mujeres,127145
Total,83 Años,83,Hombres,92350
Total,83 Años,83,Mujeres,118019
Total,84 Años,84,Hombres,89019
Total,84 Años,84,Mujeres,115220
Total,85 Años,85,Hombres,82532
Total,85 Años,85,Mujeres,107237
Total,86 Años,86,Hombres,65151
Total,86 Años,86,Mujeres,85514
Total,87 Años,87,Hombres,52994
Total,87 Años,87,Mujeres,70759
Total,88 Años,88,Hombres,43694
Total,88 Años,88,Mujeres,58161
Total,89 Años,89,Hombres,38980
Total,89 Años,89,Mujeres,54223
Total,90 Años,90,Hombres,39510
Total,90 Años,90,Mujeres,56749
Total,91 Años,91,Hombres,17136
Total,91 Años,91,Mujeres,25149
Total,92 Años,92,Hombres,20213
Total,92 Años,92,Mujeres,30231
Total,93 Años,93,Hombres,16679
Total,93 Años,93,Mujeres,25074
Total,94 Años,94,Hombres,13820
Total,94 Años,94,Mujeres,22245
Total,95 Años,95,Hombres,11533
Total,95 Años,95,Mujeres,18384
Total,96 Años,96,Hombres,8984
Total,96 Años,96,Mujeres,13720
Total,97 Años,97,Hombres,6309
Total,97 Años,97,Mujeres,10227
Total,98 Años,98,Hombres,5892
Total,98 Años,98,Mujeres,9560
Total,99 Años,99,Hombres,3897
Total,99 Años,99,Mujeres,6699
Total,100 años y más,100,Hombres,6644
Total,100 años y más,100,Mujeres,11651
Total,No especificado,NA,Hombres,136194
Total,No especificado,NA,Mujeres,137192
Aguascalientes,0 Años,0,Hombres,11412
Aguascalientes,0 Años,0,Mujeres,10893
Aguascalientes,1 Año,1,Hombres,11878
Aguascalientes,1 Año,1,Mujeres,11882
Aguascalientes,2 Años,2,Hombres,12970
Aguascalientes,2 Años,2,Mujeres,12829
Aguascalientes,3 Años,3,Hombres,13406
Aguascalientes,3 Años,3,Mujeres,13011
Aguascalientes,4 Años,4,Hombres,13312
Aguascalientes,4 Años,4,Mujeres,12837
Aguascalientes,5 Años,5,Hombres,13436
Aguascalientes,5 Años,5,Mujeres,12831
Aguascalientes,6 Años,6,Hombres,13100
Aguascalientes,6 Años,6,Mujeres,12980
Aguascalientes,7 Años,7,Hombres,13381
Aguascalientes,7 Años,7,Mujeres,13132
Aguascalientes,8 Años,8,Hombres,13632
Aguascalientes,8 Años,8,Mujeres,13018
Aguascalientes,9 Años,9,Hombres,12810
Aguascalientes,9 Años,9,Mujeres,12728
Aguascalientes,10 Años,10,Hombres,13690
Aguascalientes,10 Años,10,Mujeres,13151
Aguascalientes,11 Años,11,Hombres,12781
Aguascalientes,11 Años,11,Mujeres,12280
Aguascalientes,12 Años,12,Hombres,13640
Aguascalientes,12 Años,12,Mujeres,12995
Aguascalientes,13 Años,13,Hombres,12890
Aguascalientes,13 Años,13,Mujeres,12482
Aguascalientes,14 Años,14,Hombres,13079
Aguascalientes,14 Años,14,Mujeres,12729
Aguascalientes,15 Años,15,Hombres,13166
Aguascalientes,15 Años,15,Mujeres,12642
Aguascalientes,16 Años,16,Hombres,12938
Aguascalientes,16 Años,16,Mujeres,12357
Aguascalientes,17 Años,17,Hombres,13738
Aguascalientes,17 Años,17,Mujeres,13299
Aguascalientes,18 Años,18,Hombres,14344
Aguascalientes,18 Años,18,Mujeres,13884
Aguascalientes,19 Años,19,Hombres,12717
Aguascalientes,19 Años,19,Mujeres,12882
Aguascalientes,20 Años,20,Hombres,13788
Aguascalientes,20 Años,20,Mujeres,13935
Aguascalientes,21 Años,21,Hombres,12076
Aguascalientes,21 Años,21,Mujeres,12210
Aguascalientes,22 Años,22,Hombres,12865
Aguascalientes,22 Años,22,Mujeres,12805
Aguascalientes,23 Años,23,Hombres,12311
Aguascalientes,23 Años,23,Mujeres,12422
Aguascalientes,24 Años,24,Hombres,12114
Aguascalientes,24 Años,24,Mujeres,12494
Aguascalientes,25 Años,25,Hombres,12709
Aguascalientes,25 Años,25,Mujeres,13148
Aguascalientes,26 Años,26,Hombres,11531
Aguascalientes,26 Años,26,Mujeres,12235
Aguascalientes,27 Años,27,Hombres,11498
Aguascalientes,27 Años,27,Mujeres,11746
Aguascalientes,28 Años,28,Hombres,11639
Aguascalientes,28 Años,28,Mujeres,11985
Aguascalientes,29 Años,29,Hombres,10764
Aguascalientes,29 Años,29,Mujeres,11171
Aguascalientes,30 Años,30,Hombres,12498
Aguascalientes,30 Años,30,Mujeres,13212
Aguascalientes,31 Años,31,Hombres,8885
Aguascalientes,31 Años,31,Mujeres,9610
Aguascalientes,32 Años,32,Hombres,10748
Aguascalientes,32 Años,32,Mujeres,11376
Aguascalientes,33 Años,33,Hombres,9899
Aguascalientes,33 Años,33,Mujeres,10477
Aguascalientes,34 Años,34,Hombres,9621
Aguascalientes,34 Años,34,Mujeres,10499
Aguascalientes,35 Años,35,Hombres,10139
Aguascalientes,35 Años,35,Mujeres,10889
Aguascalientes,36 Años,36,Hombres,9741
Aguascalientes,36 Años,36,Mujeres,10412
Aguascalientes,37 Años,37,Hombres,8866
Aguascalientes,37 Años,37,Mujeres,9563
Aguascalientes,38 Años,38,Hombres,10157
Aguascalientes,38 Años,38,Mujeres,10892
Aguascalientes,39 Años,39,Hombres,8871
Aguascalientes,39 Años,39,Mujeres,9727
Aguascalientes,40 Años,40,Hombres,10559
Aguascalientes,40 Años,40,Mujeres,11738
Aguascalientes,41 Años,41,Hombres,7499
Aguascalientes,41 Años,41,Mujeres,8197
Aguascalientes,42 Años,42,Hombres,9772
Aguascalientes,42 Años,42,Mujeres,10706
Aguascalientes,43 Años,43,Hombres,8609
Aguascalientes,43 Años,43,Mujeres,9439
Aguascalientes,44 Años,44,Hombres,7400
Aguascalientes,44 Años,44,Mujeres,8459
Aguascalientes,45 Años,45,Hombres,9530
Aguascalientes,45 Años,45,Mujeres,10213
Aguascalientes,46 Años,46,Hombres,7966
Aguascalientes,46 Años,46,Mujeres,8871
Aguascalientes,47 Años,47,Hombres,7789
Aguascalientes,47 Años,47,Mujeres,8512
Aguascalientes,48 Años,48,Hombres,7703
Aguascalientes,48 Años,48,Mujeres,8744
Aguascalientes,49 Años,49,Hombres,7175
Aguascalientes,49 Años,49,Mujeres,8166
Aguascalientes,50 Años,50,Hombres,8736
Aguascalientes,50 Años,50,Mujeres,9902
Aguascalientes,51 Años,51,Hombres,5809
Aguascalientes,51 Años,51,Mujeres,6545
Aguascalientes,52 Años,52,Hombres,7467
Aguascalientes,52 Años,52,Mujeres,8368
Aguascalientes,53 Años,53,Hombres,6339
Aguascalientes,53 Años,53,Mujeres,7397
Aguascalientes,54 Años,54,Hombres,6260
Aguascalientes,54 Años,54,Mujeres,7298
Aguascalientes,55 Años,55,Hombres,6367
Aguascalientes,55 Años,55,Mujeres,7093
Aguascalientes,56 Años,56,Hombres,6081
Aguascalientes,56 Años,56,Mujeres,6786
Aguascalientes,57 Años,57,Hombres,5101
Aguascalientes,57 Años,57,Mujeres,5903
Aguascalientes,58 Años,58,Hombres,5064
Aguascalientes,58 Años,58,Mujeres,5871
Aguascalientes,59 Años,59,Hombres,4995
Aguascalientes,59 Años,59,Mujeres,5604
Aguascalientes,60 Años,60,Hombres,5958
Aguascalientes,60 Años,60,Mujeres,6960
Aguascalientes,61 Años,61,Hombres,3662
Aguascalientes,61 Años,61,Mujeres,4266
Aguascalientes,62 Años,62,Hombres,4618
Aguascalientes,62 Años,62,Mujeres,5297
Aguascalientes,63 Años,63,Hombres,4324
Aguascalientes,63 Años,63,Mujeres,4976
Aguascalientes,64 Años,64,Hombres,3873
Aguascalientes,64 Años,64,Mujeres,4372
Aguascalientes,65 Años,65,Hombres,4407
Aguascalientes,65 Años,65,Mujeres,5076
Aguascalientes,66 Años,66,Hombres,3192
Aguascalientes,66 Años,66,Mujeres,3773
Aguascalientes,67 Años,67,Hombres,3197
Aguascalientes,67 Años,67,Mujeres,3457
Aguascalientes,68 Años,68,Hombres,3275
Aguascalientes,68 Años,68,Mujeres,3809
Aguascalientes,69 Años,69,Hombres,2627
Aguascalientes,69 Años,69,Mujeres,3010
Aguascalientes,70 Años,70,Hombres,2970
Aguascalientes,70 Años,70,Mujeres,3591
Aguascalientes,71 Años,71,Hombres,1937
Aguascalientes,71 Años,71,Mujeres,2246
Aguascalientes,72 Años,72,Hombres,2620
Aguascalientes,72 Años,72,Mujeres,3061
Aguascalientes,73 Años,73,Hombres,2187
Aguascalientes,73 Años,73,Mujeres,2450
Aguascalientes,74 Años,74,Hombres,2068
Aguascalientes,74 Años,74,Mujeres,2456
Aguascalientes,75 Años,75,Hombres,2011
Aguascalientes,75 Años,75,Mujeres,2273
Aguascalientes,76 Años,76,Hombres,1667
Aguascalientes,76 Años,76,Mujeres,1966
Aguascalientes,77 Años,77,Hombres,1414
Aguascalientes,77 Años,77,Mujeres,1648
Aguascalientes,78 Años,78,Hombres,1474
Aguascalientes,78 Años,78,Mujeres,1624
Aguascalientes,79 Años,79,Hombres,1173
Aguascalientes,79 Años,79,Mujeres,1331
Aguascalientes,80 Años,80,Hombres,1234
Aguascalientes,80 Años,80,Mujeres,1623
Aguascalientes,81 Años,81,Hombres,754
Aguascalientes,81 Años,81,Mujeres,927
Aguascalientes,82 Años,82,Hombres,855
Aguascalientes,82 Años,82,Mujeres,1200
Aguascalientes,83 Años,83,Hombres,761
Aguascalientes,83 Años,83,Mujeres,1040
Aguascalientes,84 Años,84,Hombres,793
Aguascalientes,84 Años,84,Mujeres,999
Aguascalientes,85 Años,85,Hombres,686
Aguascalientes,85 Años,85,Mujeres,878
Aguascalientes,86 Años,86,Hombres,529
Aguascalientes,86 Años,86,Mujeres,746
Aguascalientes,87 Años,87,Hombres,466
Aguascalientes,87 Años,87,Mujeres,599
Aguascalientes,88 Años,88,Hombres,360
Aguascalientes,88 Años,88,Mujeres,513
Aguascalientes,89 Años,89,Hombres,319
Aguascalientes,89 Años,89,Mujeres,480
Aguascalientes,90 Años,90,Hombres,337
Aguascalientes,90 Años,90,Mujeres,482
Aguascalientes,91 Años,91,Hombres,158
Aguascalientes,91 Años,91,Mujeres,226
Aguascalientes,92 Años,92,Hombres,170
Aguascalientes,92 Años,92,Mujeres,301
Aguascalientes,93 Años,93,Hombres,148
Aguascalientes,93 Años,93,Mujeres,256
Aguascalientes,94 Años,94,Hombres,129
Aguascalientes,94 Años,94,Mujeres,203
Aguascalientes,95 Años,95,Hombres,93
Aguascalientes,95 Años,95,Mujeres,165
Aguascalientes,96 Años,96,Hombres,72
Aguascalientes,96 Años,96,Mujeres,118
Aguascalientes,97 Años,97,Hombres,53
Aguascalientes,97 Años,97,Mujeres,85
Aguascalientes,98 Años,98,Hombres,39
Aguascalientes,98 Años,98,Mujeres,94
Aguascalientes,99 Años,99,Hombres,27
Aguascalientes,99 Años,99,Mujeres,50
Aguascalientes,100 años y más,100,Hombres,36
Aguascalientes,100 años y más,100,Mujeres,76
Aguascalientes,No especificado,NA,Hombres,749
Aguascalientes,No especificado,NA,Mujeres,759
Baja California,0 Años,0,Hombres,22543
Baja California,0 Años,0,Mujeres,22311
Baja California,1 Año,1,Hombres,25084
Baja California,1 Año,1,Mujeres,24216
Baja California,2 Años,2,Hombres,28320
Baja California,2 Años,2,Mujeres,27483
Baja California,3 Años,3,Hombres,28971
Baja California,3 Años,3,Mujeres,28738
Baja California,4 Años,4,Hombres,29492
Baja California,4 Años,4,Mujeres,29143
Baja California,5 Años,5,Hombres,30199
Baja California,5 Años,5,Mujeres,28743
Baja California,6 Años,6,Hombres,29879
Baja California,6 Años,6,Mujeres,29207
Baja California,7 Años,7,Hombres,30345
Baja California,7 Años,7,Mujeres,29462
Baja California,8 Años,8,Hombres,32661
Baja California,8 Años,8,Mujeres,30615
Baja California,9 Años,9,Hombres,29525
Baja California,9 Años,9,Mujeres,29018
Baja California,10 Años,10,Hombres,33647
Baja California,10 Años,10,Mujeres,32061
Baja California,11 Años,11,Hombres,30377
Baja California,11 Años,11,Mujeres,29141
Baja California,12 Años,12,Hombres,33043
Baja California,12 Años,12,Mujeres,31953
Baja California,13 Años,13,Hombres,31193
Baja California,13 Años,13,Mujeres,30225
Baja California,14 Años,14,Hombres,31046
Baja California,14 Años,14,Mujeres,29662
Baja California,15 Años,15,Hombres,31732
Baja California,15 Años,15,Mujeres,30437
Baja California,16 Años,16,Hombres,30560
Baja California,16 Años,16,Mujeres,28897
Baja California,17 Años,17,Hombres,31583
Baja California,17 Años,17,Mujeres,30381
Baja California,18 Años,18,Hombres,35770
Baja California,18 Años,18,Mujeres,33796
Baja California,19 Años,19,Hombres,31653
Baja California,19 Años,19,Mujeres,30830
Baja California,20 Años,20,Hombres,37169
Baja California,20 Años,20,Mujeres,36028
Baja California,21 Años,21,Hombres,33032
Baja California,21 Años,21,Mujeres,31231
Baja California,22 Años,22,Hombres,35232
Baja California,22 Años,22,Mujeres,33831
Baja California,23 Años,23,Hombres,34335
Baja California,23 Años,23,Mujeres,33206
Baja California,24 Años,24,Hombres,33682
Baja California,24 Años,24,Mujeres,32613
Baja California,25 Años,25,Hombres,37020
Baja California,25 Años,25,Mujeres,35958
Baja California,26 Años,26,Hombres,32408
Baja California,26 Años,26,Mujeres,32275
Baja California,27 Años,27,Hombres,32221
Baja California,27 Años,27,Mujeres,31066
Baja California,28 Años,28,Hombres,34997
Baja California,28 Años,28,Mujeres,33422
Baja California,29 Años,29,Hombres,29604
Baja California,29 Años,29,Mujeres,29273
Baja California,30 Años,30,Hombres,39851
Baja California,30 Años,30,Mujeres,38642
Baja California,31 Años,31,Hombres,24307
Baja California,31 Años,31,Mujeres,24585
Baja California,32 Años,32,Hombres,32941
Baja California,32 Años,32,Mujeres,32066
Baja California,33 Años,33,Hombres,27673
Baja California,33 Años,33,Mujeres,28070
Baja California,34 Años,34,Hombres,27392
Baja California,34 Años,34,Mujeres,26862
Baja California,35 Años,35,Hombres,33966
Baja California,35 Años,35,Mujeres,32874
Baja California,36 Años,36,Hombres,29942
Baja California,36 Años,36,Mujeres,29496
Baja California,37 Años,37,Hombres,25030
Baja California,37 Años,37,Mujeres,24584
Baja California,38 Años,38,Hombres,32888
Baja California,38 Años,38,Mujeres,31043
Baja California,39 Años,39,Hombres,26343
Baja California,39 Años,39,Mujeres,25903
Baja California,40 Años,40,Hombres,36829
Baja California,40 Años,40,Mujeres,35745
Baja California,41 Años,41,Hombres,21240
Baja California,41 Años,41,Mujeres,21058
Baja California,42 Años,42,Hombres,32263
Baja California,42 Años,42,Mujeres,30288
Baja California,43 Años,43,Hombres,25761
Baja California,43 Años,43,Mujeres,25704
Baja California,44 Años,44,Hombres,22239
Baja California,44 Años,44,Mujeres,22484
Baja California,45 Años,45,Hombres,33758
Baja California,45 Años,45,Mujeres,31424
Baja California,46 Años,46,Hombres,24851
Baja California,46 Años,46,Mujeres,24068
Baja California,47 Años,47,Hombres,25289
Baja California,47 Años,47,Mujeres,23598
Baja California,48 Años,48,Hombres,27159
Baja California,48 Años,48,Mujeres,25194
Baja California,49 Años,49,Hombres,23130
Baja California,49 Años,49,Mujeres,22373
Baja California,50 Años,50,Hombres,31795
Baja California,50 Años,50,Mujeres,29678
Baja California,51 Años,51,Hombres,17654
Baja California,51 Años,51,Mujeres,17230
Baja California,52 Años,52,Hombres,24224
Baja California,52 Años,52,Mujeres,22829
Baja California,53 Años,53,Hombres,19609
Baja California,53 Años,53,Mujeres,19131
Baja California,54 Años,54,Hombres,19507
Baja California,54 Años,54,Mujeres,19731
Baja California,55 Años,55,Hombres,20474
Baja California,55 Años,55,Mujeres,19636
Baja California,56 Años,56,Hombres,18767
Baja California,56 Años,56,Mujeres,18373
Baja California,57 Años,57,Hombres,15106
Baja California,57 Años,57,Mujeres,15028
Baja California,58 Años,58,Hombres,16472
Baja California,58 Años,58,Mujeres,16472
Baja California,59 Años,59,Hombres,13959
Baja California,59 Años,59,Mujeres,14366
Baja California,60 Años,60,Hombres,19094
Baja California,60 Años,60,Mujeres,19416
Baja California,61 Años,61,Hombres,9815
Baja California,61 Años,61,Mujeres,10581
Baja California,62 Años,62,Hombres,13518
Baja California,62 Años,62,Mujeres,14083
Baja California,63 Años,63,Hombres,12145
Baja California,63 Años,63,Mujeres,13000
Baja California,64 Años,64,Hombres,10715
Baja California,64 Años,64,Mujeres,11655
Baja California,65 Años,65,Hombres,12865
Baja California,65 Años,65,Mujeres,14029
Baja California,66 Años,66,Hombres,8292
Baja California,66 Años,66,Mujeres,9163
Baja California,67 Años,67,Hombres,8125
Baja California,67 Años,67,Mujeres,8861
Baja California,68 Años,68,Hombres,8957
Baja California,68 Años,68,Mujeres,10087
Baja California,69 Años,69,Hombres,6743
Baja California,69 Años,69,Mujeres,7582
Baja California,70 Años,70,Hombres,8588
Baja California,70 Años,70,Mujeres,9556
Baja California,71 Años,71,Hombres,4905
Baja California,71 Años,71,Mujeres,5465
Baja California,72 Años,72,Hombres,6890
Baja California,72 Años,72,Mujeres,7658
Baja California,73 Años,73,Hombres,5457
Baja California,73 Años,73,Mujeres,6203
Baja California,74 Años,74,Hombres,4972
Baja California,74 Años,74,Mujeres,5731
Baja California,75 Años,75,Hombres,5200
Baja California,75 Años,75,Mujeres,5849
Baja California,76 Años,76,Hombres,3933
Baja California,76 Años,76,Mujeres,4686
Baja California,77 Años,77,Hombres,3262
Baja California,77 Años,77,Mujeres,3923
Baja California,78 Años,78,Hombres,3734
Baja California,78 Años,78,Mujeres,4274
Baja California,79 Años,79,Hombres,2704
Baja California,79 Años,79,Mujeres,3309
Baja California,80 Años,80,Hombres,3402
Baja California,80 Años,80,Mujeres,4354
Baja California,81 Años,81,Hombres,1816
Baja California,81 Años,81,Mujeres,2236
Baja California,82 Años,82,Hombres,2245
Baja California,82 Años,82,Mujeres,2734
Baja California,83 Años,83,Hombres,1865
Baja California,83 Años,83,Mujeres,2477
Baja California,84 Años,84,Hombres,1732
Baja California,84 Años,84,Mujeres,2343
Baja California,85 Años,85,Hombres,1532
Baja California,85 Años,85,Mujeres,2036
Baja California,86 Años,86,Hombres,1175
Baja California,86 Años,86,Mujeres,1674
Baja California,87 Años,87,Hombres,1000
Baja California,87 Años,87,Mujeres,1367
Baja California,88 Años,88,Hombres,864
Baja California,88 Años,88,Mujeres,1103
Baja California,89 Años,89,Hombres,706
Baja California,89 Años,89,Mujeres,994
Baja California,90 Años,90,Hombres,731
Baja California,90 Años,90,Mujeres,1036
Baja California,91 Años,91,Hombres,308
Baja California,91 Años,91,Mujeres,476
Baja California,92 Años,92,Hombres,325
Baja California,92 Años,92,Mujeres,594
Baja California,93 Años,93,Hombres,313
Baja California,93 Años,93,Mujeres,459
Baja California,94 Años,94,Hombres,220
Baja California,94 Años,94,Mujeres,396
Baja California,95 Años,95,Hombres,178
Baja California,95 Años,95,Mujeres,294
Baja California,96 Años,96,Hombres,112
Baja California,96 Años,96,Mujeres,250
Baja California,97 Años,97,Hombres,109
Baja California,97 Años,97,Mujeres,172
Baja California,98 Años,98,Hombres,72
Baja California,98 Años,98,Mujeres,172
Baja California,99 Años,99,Hombres,51
Baja California,99 Años,99,Mujeres,102
Baja California,100 años y más,100,Hombres,81
Baja California,100 años y más,100,Mujeres,171
Baja California,No especificado,NA,Hombres,4096
Baja California,No especificado,NA,Mujeres,4123
Baja California Sur,0 Años,0,Hombres,5730
Baja California Sur,0 Años,0,Mujeres,5606
Baja California Sur,1 Año,1,Hombres,5956
Baja California Sur,1 Año,1,Mujeres,5926
Baja California Sur,2 Años,2,Hombres,6456
Baja California Sur,2 Años,2,Mujeres,6289
Baja California Sur,3 Años,3,Hombres,6494
Baja California Sur,3 Años,3,Mujeres,6470
Baja California Sur,4 Años,4,Hombres,6843
Baja California Sur,4 Años,4,Mujeres,6685
Baja California Sur,5 Años,5,Hombres,6826
Baja California Sur,5 Años,5,Mujeres,6552
Baja California Sur,6 Años,6,Hombres,6526
Baja California Sur,6 Años,6,Mujeres,6453
Baja California Sur,7 Años,7,Hombres,6841
Baja California Sur,7 Años,7,Mujeres,6555
Baja California Sur,8 Años,8,Hombres,6977
Baja California Sur,8 Años,8,Mujeres,6729
Baja California Sur,9 Años,9,Hombres,6792
Baja California Sur,9 Años,9,Mujeres,6682
Baja California Sur,10 Años,10,Hombres,7430
Baja California Sur,10 Años,10,Mujeres,6879
Baja California Sur,11 Años,11,Hombres,6886
Baja California Sur,11 Años,11,Mujeres,6726
Baja California Sur,12 Años,12,Hombres,7073
Baja California Sur,12 Años,12,Mujeres,6851
Baja California Sur,13 Años,13,Hombres,6602
Baja California Sur,13 Años,13,Mujeres,6449
Baja California Sur,14 Años,14,Hombres,6464
Baja California Sur,14 Años,14,Mujeres,6305
Baja California Sur,15 Años,15,Hombres,6808
Baja California Sur,15 Años,15,Mujeres,6365
Baja California Sur,16 Años,16,Hombres,6578
Baja California Sur,16 Años,16,Mujeres,6204
Baja California Sur,17 Años,17,Hombres,7042
Baja California Sur,17 Años,17,Mujeres,6579
Baja California Sur,18 Años,18,Hombres,7118
Baja California Sur,18 Años,18,Mujeres,6624
Baja California Sur,19 Años,19,Hombres,6242
Baja California Sur,19 Años,19,Mujeres,5909
Baja California Sur,20 Años,20,Hombres,7272
Baja California Sur,20 Años,20,Mujeres,6866
Baja California Sur,21 Años,21,Hombres,6386
Baja California Sur,21 Años,21,Mujeres,5699
Baja California Sur,22 Años,22,Hombres,7006
Baja California Sur,22 Años,22,Mujeres,6519
Baja California Sur,23 Años,23,Hombres,6877
Baja California Sur,23 Años,23,Mujeres,6618
Baja California Sur,24 Años,24,Hombres,6877
Baja California Sur,24 Años,24,Mujeres,6623
Baja California Sur,25 Años,25,Hombres,7471
Baja California Sur,25 Años,25,Mujeres,7226
Baja California Sur,26 Años,26,Hombres,6795
Baja California Sur,26 Años,26,Mujeres,6682
Baja California Sur,27 Años,27,Hombres,6926
Baja California Sur,27 Años,27,Mujeres,6739
Baja California Sur,28 Años,28,Hombres,7197
Baja California Sur,28 Años,28,Mujeres,6616
Baja California Sur,29 Años,29,Hombres,6657
Baja California Sur,29 Años,29,Mujeres,6489
Baja California Sur,30 Años,30,Hombres,8770
Baja California Sur,30 Años,30,Mujeres,8035
Baja California Sur,31 Años,31,Hombres,5617
Baja California Sur,31 Años,31,Mujeres,5618
Baja California Sur,32 Años,32,Hombres,7435
Baja California Sur,32 Años,32,Mujeres,7135
Baja California Sur,33 Años,33,Hombres,6449
Baja California Sur,33 Años,33,Mujeres,6266
Baja California Sur,34 Años,34,Hombres,6382
Baja California Sur,34 Años,34,Mujeres,6072
Baja California Sur,35 Años,35,Hombres,7273
Baja California Sur,35 Años,35,Mujeres,6879
Baja California Sur,36 Años,36,Hombres,6637
Baja California Sur,36 Años,36,Mujeres,6574
Baja California Sur,37 Años,37,Hombres,5965
Baja California Sur,37 Años,37,Mujeres,5647
Baja California Sur,38 Años,38,Hombres,7252
Baja California Sur,38 Años,38,Mujeres,6671
Baja California Sur,39 Años,39,Hombres,6162
Baja California Sur,39 Años,39,Mujeres,5867
Baja California Sur,40 Años,40,Hombres,7944
Baja California Sur,40 Años,40,Mujeres,7543
Baja California Sur,41 Años,41,Hombres,4921
Baja California Sur,41 Años,41,Mujeres,4684
Baja California Sur,42 Años,42,Hombres,6848
Baja California Sur,42 Años,42,Mujeres,6223
Baja California Sur,43 Años,43,Hombres,5750
Baja California Sur,43 Años,43,Mujeres,5585
Baja California Sur,44 Años,44,Hombres,4927
Baja California Sur,44 Años,44,Mujeres,4964
Baja California Sur,45 Años,45,Hombres,6512
Baja California Sur,45 Años,45,Mujeres,5960
Baja California Sur,46 Años,46,Hombres,4994
Baja California Sur,46 Años,46,Mujeres,4876
Baja California Sur,47 Años,47,Hombres,5107
Baja California Sur,47 Años,47,Mujeres,4744
Baja California Sur,48 Años,48,Hombres,5340
Baja California Sur,48 Años,48,Mujeres,4971
Baja California Sur,49 Años,49,Hombres,4765
Baja California Sur,49 Años,49,Mujeres,4502
Baja California Sur,50 Años,50,Hombres,5904
Baja California Sur,50 Años,50,Mujeres,5650
Baja California Sur,51 Años,51,Hombres,3513
Baja California Sur,51 Años,51,Mujeres,3477
Baja California Sur,52 Años,52,Hombres,4627
Baja California Sur,52 Años,52,Mujeres,4506
Baja California Sur,53 Años,53,Hombres,4014
Baja California Sur,53 Años,53,Mujeres,3857
Baja California Sur,54 Años,54,Hombres,3852
Baja California Sur,54 Años,54,Mujeres,3937
Baja California Sur,55 Años,55,Hombres,3831
Baja California Sur,55 Años,55,Mujeres,3896
Baja California Sur,56 Años,56,Hombres,3715
Baja California Sur,56 Años,56,Mujeres,3595
Baja California Sur,57 Años,57,Hombres,3067
Baja California Sur,57 Años,57,Mujeres,3029
Baja California Sur,58 Años,58,Hombres,3274
Baja California Sur,58 Años,58,Mujeres,3274
Baja California Sur,59 Años,59,Hombres,3018
Baja California Sur,59 Años,59,Mujeres,3032
Baja California Sur,60 Años,60,Hombres,3799
Baja California Sur,60 Años,60,Mujeres,3847
Baja California Sur,61 Años,61,Hombres,2178
Baja California Sur,61 Años,61,Mujeres,2198
Baja California Sur,62 Años,62,Hombres,2619
Baja California Sur,62 Años,62,Mujeres,2780
Baja California Sur,63 Años,63,Hombres,2604
Baja California Sur,63 Años,63,Mujeres,2557
Baja California Sur,64 Años,64,Hombres,2215
Baja California Sur,64 Años,64,Mujeres,2298
Baja California Sur,65 Años,65,Hombres,2610
Baja California Sur,65 Años,65,Mujeres,2631
Baja California Sur,66 Años,66,Hombres,1864
Baja California Sur,66 Años,66,Mujeres,1959
Baja California Sur,67 Años,67,Hombres,1830
Baja California Sur,67 Años,67,Mujeres,1748
Baja California Sur,68 Años,68,Hombres,1823
Baja California Sur,68 Años,68,Mujeres,1817
Baja California Sur,69 Años,69,Hombres,1460
Baja California Sur,69 Años,69,Mujeres,1532
Baja California Sur,70 Años,70,Hombres,1637
Baja California Sur,70 Años,70,Mujeres,1763
Baja California Sur,71 Años,71,Hombres,1018
Baja California Sur,71 Años,71,Mujeres,1082
Baja California Sur,72 Años,72,Hombres,1380
Baja California Sur,72 Años,72,Mujeres,1391
Baja California Sur,73 Años,73,Hombres,1122
Baja California Sur,73 Años,73,Mujeres,1087
Baja California Sur,74 Años,74,Hombres,1008
Baja California Sur,74 Años,74,Mujeres,1057
Baja California Sur,75 Años,75,Hombres,1111
Baja California Sur,75 Años,75,Mujeres,1107
Baja California Sur,76 Años,76,Hombres,866
Baja California Sur,76 Años,76,Mujeres,897
Baja California Sur,77 Años,77,Hombres,668
Baja California Sur,77 Años,77,Mujeres,752
Baja California Sur,78 Años,78,Hombres,756
Baja California Sur,78 Años,78,Mujeres,771
Baja California Sur,79 Años,79,Hombres,583
Baja California Sur,79 Años,79,Mujeres,655
Baja California Sur,80 Años,80,Hombres,637
Baja California Sur,80 Años,80,Mujeres,719
Baja California Sur,81 Años,81,Hombres,369
Baja California Sur,81 Años,81,Mujeres,442
Baja California Sur,82 Años,82,Hombres,403
Baja California Sur,82 Años,82,Mujeres,475
Baja California Sur,83 Años,83,Hombres,375
Baja California Sur,83 Años,83,Mujeres,458
Baja California Sur,84 Años,84,Hombres,350
Baja California Sur,84 Años,84,Mujeres,421
Baja California Sur,85 Años,85,Hombres,329
Baja California Sur,85 Años,85,Mujeres,378
Baja California Sur,86 Años,86,Hombres,241
Baja California Sur,86 Años,86,Mujeres,318
Baja California Sur,87 Años,87,Hombres,243
Baja California Sur,87 Años,87,Mujeres,268
Baja California Sur,88 Años,88,Hombres,206
Baja California Sur,88 Años,88,Mujeres,226
Baja California Sur,89 Años,89,Hombres,146
Baja California Sur,89 Años,89,Mujeres,201
Baja California Sur,90 Años,90,Hombres,125
Baja California Sur,90 Años,90,Mujeres,177
Baja California Sur,91 Años,91,Hombres,74
Baja California Sur,91 Años,91,Mujeres,89
Baja California Sur,92 Años,92,Hombres,63
Baja California Sur,92 Años,92,Mujeres,135
Baja California Sur,93 Años,93,Hombres,67
Baja California Sur,93 Años,93,Mujeres,96
Baja California Sur,94 Años,94,Hombres,38
Baja California Sur,94 Años,94,Mujeres,72
Baja California Sur,95 Años,95,Hombres,36
Baja California Sur,95 Años,95,Mujeres,64
Baja California Sur,96 Años,96,Hombres,27
Baja California Sur,96 Años,96,Mujeres,52
Baja California Sur,97 Años,97,Hombres,22
Baja California Sur,97 Años,97,Mujeres,35
Baja California Sur,98 Años,98,Hombres,21
Baja California Sur,98 Años,98,Mujeres,28
Baja California Sur,99 Años,99,Hombres,12
Baja California Sur,99 Años,99,Mujeres,35
Baja California Sur,100 años y más,100,Hombres,18
Baja California Sur,100 años y más,100,Mujeres,37
Baja California Sur,No especificado,NA,Hombres,1913
Baja California Sur,No especificado,NA,Mujeres,1929
Campeche,0 Años,0,Hombres,7181
Campeche,0 Años,0,Mujeres,7120
Campeche,1 Año,1,Hombres,7828
Campeche,1 Año,1,Mujeres,7600
Campeche,2 Años,2,Hombres,8026
Campeche,2 Años,2,Mujeres,7786
Campeche,3 Años,3,Hombres,8405
Campeche,3 Años,3,Mujeres,8139
Campeche,4 Años,4,Hombres,8377
Campeche,4 Años,4,Mujeres,8473
Campeche,5 Años,5,Hombres,8472
Campeche,5 Años,5,Mujeres,8238
Campeche,6 Años,6,Hombres,8403
Campeche,6 Años,6,Mujeres,7892
Campeche,7 Años,7,Hombres,8281
Campeche,7 Años,7,Mujeres,8131
Campeche,8 Años,8,Hombres,8414
Campeche,8 Años,8,Mujeres,8155
Campeche,9 Años,9,Hombres,8054
Campeche,9 Años,9,Mujeres,7975
Campeche,10 Años,10,Hombres,8762
Campeche,10 Años,10,Mujeres,8346
Campeche,11 Años,11,Hombres,8088
Campeche,11 Años,11,Mujeres,7588
Campeche,12 Años,12,Hombres,8377
Campeche,12 Años,12,Mujeres,7876
Campeche,13 Años,13,Hombres,7964
Campeche,13 Años,13,Mujeres,7643
Campeche,14 Años,14,Hombres,7856
Campeche,14 Años,14,Mujeres,7668
Campeche,15 Años,15,Hombres,7944
Campeche,15 Años,15,Mujeres,7754
Campeche,16 Años,16,Hombres,7351
Campeche,16 Años,16,Mujeres,7148
Campeche,17 Años,17,Hombres,7915
Campeche,17 Años,17,Mujeres,7650
Campeche,18 Años,18,Hombres,8313
Campeche,18 Años,18,Mujeres,8011
Campeche,19 Años,19,Hombres,6945
Campeche,19 Años,19,Mujeres,7109
Campeche,20 Años,20,Hombres,8034
Campeche,20 Años,20,Mujeres,8359
Campeche,21 Años,21,Hombres,6798
Campeche,21 Años,21,Mujeres,6705
Campeche,22 Años,22,Hombres,7643
Campeche,22 Años,22,Mujeres,7599
Campeche,23 Años,23,Hombres,7324
Campeche,23 Años,23,Mujeres,7680
Campeche,24 Años,24,Hombres,7478
Campeche,24 Años,24,Mujeres,7936
Campeche,25 Años,25,Hombres,7562
Campeche,25 Años,25,Mujeres,8012
Campeche,26 Años,26,Hombres,6881
Campeche,26 Años,26,Mujeres,7466
Campeche,27 Años,27,Hombres,6942
Campeche,27 Años,27,Mujeres,7488
Campeche,28 Años,28,Hombres,7117
Campeche,28 Años,28,Mujeres,7522
Campeche,29 Años,29,Hombres,6544
Campeche,29 Años,29,Mujeres,7264
Campeche,30 Años,30,Hombres,8681
Campeche,30 Años,30,Mujeres,9485
Campeche,31 Años,31,Hombres,5695
Campeche,31 Años,31,Mujeres,6313
Campeche,32 Años,32,Hombres,7282
Campeche,32 Años,32,Mujeres,7914
Campeche,33 Años,33,Hombres,6577
Campeche,33 Años,33,Mujeres,7458
Campeche,34 Años,34,Hombres,6322
Campeche,34 Años,34,Mujeres,6982
Campeche,35 Años,35,Hombres,7397
Campeche,35 Años,35,Mujeres,8037
Campeche,36 Años,36,Hombres,6761
Campeche,36 Años,36,Mujeres,7511
Campeche,37 Años,37,Hombres,6007
Campeche,37 Años,37,Mujeres,6442
Campeche,38 Años,38,Hombres,7339
Campeche,38 Años,38,Mujeres,7957
Campeche,39 Años,39,Hombres,6107
Campeche,39 Años,39,Mujeres,6717
Campeche,40 Años,40,Hombres,8081
Campeche,40 Años,40,Mujeres,8761
Campeche,41 Años,41,Hombres,4632
Campeche,41 Años,41,Mujeres,5117
Campeche,42 Años,42,Hombres,7017
Campeche,42 Años,42,Mujeres,7406
Campeche,43 Años,43,Hombres,5767
Campeche,43 Años,43,Mujeres,6486
Campeche,44 Años,44,Hombres,5264
Campeche,44 Años,44,Mujeres,5639
Campeche,45 Años,45,Hombres,6666
Campeche,45 Años,45,Mujeres,7159
Campeche,46 Años,46,Hombres,5340
Campeche,46 Años,46,Mujeres,5638
Campeche,47 Años,47,Hombres,5247
Campeche,47 Años,47,Mujeres,5449
Campeche,48 Años,48,Hombres,5643
Campeche,48 Años,48,Mujeres,5915
Campeche,49 Años,49,Hombres,5140
Campeche,49 Años,49,Mujeres,5431
Campeche,50 Años,50,Hombres,6459
Campeche,50 Años,50,Mujeres,6751
Campeche,51 Años,51,Hombres,3781
Campeche,51 Años,51,Mujeres,4005
Campeche,52 Años,52,Hombres,5142
Campeche,52 Años,52,Mujeres,5376
Campeche,53 Años,53,Hombres,4533
Campeche,53 Años,53,Mujeres,4755
Campeche,54 Años,54,Hombres,4477
Campeche,54 Años,54,Mujeres,4975
Campeche,55 Años,55,Hombres,4585
Campeche,55 Años,55,Mujeres,4822
Campeche,56 Años,56,Hombres,4326
Campeche,56 Años,56,Mujeres,4464
Campeche,57 Años,57,Hombres,3577
Campeche,57 Años,57,Mujeres,3835
Campeche,58 Años,58,Hombres,3810
Campeche,58 Años,58,Mujeres,4094
Campeche,59 Años,59,Hombres,3559
Campeche,59 Años,59,Mujeres,3733
Campeche,60 Años,60,Hombres,4491
Campeche,60 Años,60,Mujeres,4591
Campeche,61 Años,61,Hombres,2358
Campeche,61 Años,61,Mujeres,2613
Campeche,62 Años,62,Hombres,3164
Campeche,62 Años,62,Mujeres,3323
Campeche,63 Años,63,Hombres,3077
Campeche,63 Años,63,Mujeres,3222
Campeche,64 Años,64,Hombres,2930
Campeche,64 Años,64,Mujeres,3009
Campeche,65 Años,65,Hombres,3387
Campeche,65 Años,65,Mujeres,3531
Campeche,66 Años,66,Hombres,2371
Campeche,66 Años,66,Mujeres,2571
Campeche,67 Años,67,Hombres,2380
Campeche,67 Años,67,Mujeres,2518
Campeche,68 Años,68,Hombres,2518
Campeche,68 Años,68,Mujeres,2774
Campeche,69 Años,69,Hombres,1874
Campeche,69 Años,69,Mujeres,1872
Campeche,70 Años,70,Hombres,2424
Campeche,70 Años,70,Mujeres,2618
Campeche,71 Años,71,Hombres,1307
Campeche,71 Años,71,Mujeres,1338
Campeche,72 Años,72,Hombres,1857
Campeche,72 Años,72,Mujeres,1909
Campeche,73 Años,73,Hombres,1611
Campeche,73 Años,73,Mujeres,1534
Campeche,74 Años,74,Hombres,1469
Campeche,74 Años,74,Mujeres,1492
Campeche,75 Años,75,Hombres,1520
Campeche,75 Años,75,Mujeres,1505
Campeche,76 Años,76,Hombres,1227
Campeche,76 Años,76,Mujeres,1242
Campeche,77 Años,77,Hombres,1036
Campeche,77 Años,77,Mujeres,1041
Campeche,78 Años,78,Hombres,1285
Campeche,78 Años,78,Mujeres,1244
Campeche,79 Años,79,Hombres,916
Campeche,79 Años,79,Mujeres,900
Campeche,80 Años,80,Hombres,1170
Campeche,80 Años,80,Mujeres,1197
Campeche,81 Años,81,Hombres,591
Campeche,81 Años,81,Mujeres,564
Campeche,82 Años,82,Hombres,686
Campeche,82 Años,82,Mujeres,710
Campeche,83 Años,83,Hombres,615
Campeche,83 Años,83,Mujeres,702
Campeche,84 Años,84,Hombres,656
Campeche,84 Años,84,Mujeres,645
Campeche,85 Años,85,Hombres,551
Campeche,85 Años,85,Mujeres,609
Campeche,86 Años,86,Hombres,487
Campeche,86 Años,86,Mujeres,503
Campeche,87 Años,87,Hombres,422
Campeche,87 Años,87,Mujeres,464
Campeche,88 Años,88,Hombres,362
Campeche,88 Años,88,Mujeres,356
Campeche,89 Años,89,Hombres,291
Campeche,89 Años,89,Mujeres,368
Campeche,90 Años,90,Hombres,339
Campeche,90 Años,90,Mujeres,357
Campeche,91 Años,91,Hombres,110
Campeche,91 Años,91,Mujeres,134
Campeche,92 Años,92,Hombres,170
Campeche,92 Años,92,Mujeres,177
Campeche,93 Años,93,Hombres,129
Campeche,93 Años,93,Mujeres,146
Campeche,94 Años,94,Hombres,84
Campeche,94 Años,94,Mujeres,122
Campeche,95 Años,95,Hombres,107
Campeche,95 Años,95,Mujeres,108
Campeche,96 Años,96,Hombres,84
Campeche,96 Años,96,Mujeres,77
Campeche,97 Años,97,Hombres,56
Campeche,97 Años,97,Mujeres,65
Campeche,98 Años,98,Hombres,70
Campeche,98 Años,98,Mujeres,53
Campeche,99 Años,99,Hombres,36
Campeche,99 Años,99,Mujeres,45
Campeche,100 años y más,100,Hombres,78
Campeche,100 años y más,100,Mujeres,71
Campeche,No especificado,NA,Hombres,2150
Campeche,No especificado,NA,Mujeres,2144
Coahuila de Zaragoza,0 Años,0,Hombres,25108
Coahuila de Zaragoza,0 Años,0,Mujeres,24990
Coahuila de Zaragoza,1 Año,1,Hombres,27507
Coahuila de Zaragoza,1 Año,1,Mujeres,26123
Coahuila de Zaragoza,2 Años,2,Hombres,28658
Coahuila de Zaragoza,2 Años,2,Mujeres,27982
Coahuila de Zaragoza,3 Años,3,Hombres,30089
Coahuila de Zaragoza,3 Años,3,Mujeres,29217
Coahuila de Zaragoza,4 Años,4,Hombres,30450
Coahuila de Zaragoza,4 Años,4,Mujeres,29788
Coahuila de Zaragoza,5 Años,5,Hombres,29683
Coahuila de Zaragoza,5 Años,5,Mujeres,28464
Coahuila de Zaragoza,6 Años,6,Hombres,28015
Coahuila de Zaragoza,6 Años,6,Mujeres,27294
Coahuila de Zaragoza,7 Años,7,Hombres,28004
Coahuila de Zaragoza,7 Años,7,Mujeres,27461
Coahuila de Zaragoza,8 Años,8,Hombres,28860
Coahuila de Zaragoza,8 Años,8,Mujeres,27161
Coahuila de Zaragoza,9 Años,9,Hombres,25855
Coahuila de Zaragoza,9 Años,9,Mujeres,25427
Coahuila de Zaragoza,10 Años,10,Hombres,29322
Coahuila de Zaragoza,10 Años,10,Mujeres,27745
Coahuila de Zaragoza,11 Años,11,Hombres,26467
Coahuila de Zaragoza,11 Años,11,Mujeres,25501
Coahuila de Zaragoza,12 Años,12,Hombres,28003
Coahuila de Zaragoza,12 Años,12,Mujeres,26753
Coahuila de Zaragoza,13 Años,13,Hombres,25967
Coahuila de Zaragoza,13 Años,13,Mujeres,26067
Coahuila de Zaragoza,14 Años,14,Hombres,26542
Coahuila de Zaragoza,14 Años,14,Mujeres,25777
Coahuila de Zaragoza,15 Años,15,Hombres,26815
Coahuila de Zaragoza,15 Años,15,Mujeres,26029
Coahuila de Zaragoza,16 Años,16,Hombres,26118
Coahuila de Zaragoza,16 Años,16,Mujeres,25103
Coahuila de Zaragoza,17 Años,17,Hombres,27729
Coahuila de Zaragoza,17 Años,17,Mujeres,26767
Coahuila de Zaragoza,18 Años,18,Hombres,30553
Coahuila de Zaragoza,18 Años,18,Mujeres,29118
Coahuila de Zaragoza,19 Años,19,Hombres,25635
Coahuila de Zaragoza,19 Años,19,Mujeres,25417
Coahuila de Zaragoza,20 Años,20,Hombres,29557
Coahuila de Zaragoza,20 Años,20,Mujeres,29152
Coahuila de Zaragoza,21 Años,21,Hombres,25394
Coahuila de Zaragoza,21 Años,21,Mujeres,24534
Coahuila de Zaragoza,22 Años,22,Hombres,27183
Coahuila de Zaragoza,22 Años,22,Mujeres,26101
Coahuila de Zaragoza,23 Años,23,Hombres,26082
Coahuila de Zaragoza,23 Años,23,Mujeres,25224
Coahuila de Zaragoza,24 Años,24,Hombres,25443
Coahuila de Zaragoza,24 Años,24,Mujeres,25643
Coahuila de Zaragoza,25 Años,25,Hombres,26890
Coahuila de Zaragoza,25 Años,25,Mujeres,27304
Coahuila de Zaragoza,26 Años,26,Hombres,24414
Coahuila de Zaragoza,26 Años,26,Mujeres,25098
Coahuila de Zaragoza,27 Años,27,Hombres,24332
Coahuila de Zaragoza,27 Años,27,Mujeres,23690
Coahuila de Zaragoza,28 Años,28,Hombres,24958
Coahuila de Zaragoza,28 Años,28,Mujeres,25217
Coahuila de Zaragoza,29 Años,29,Hombres,21976
Coahuila de Zaragoza,29 Años,29,Mujeres,22038
Coahuila de Zaragoza,30 Años,30,Hombres,27252
Coahuila de Zaragoza,30 Años,30,Mujeres,27867
Coahuila de Zaragoza,31 Años,31,Hombres,18651
Coahuila de Zaragoza,31 Años,31,Mujeres,19390
Coahuila de Zaragoza,32 Años,32,Hombres,23602
Coahuila de Zaragoza,32 Años,32,Mujeres,24045
Coahuila de Zaragoza,33 Años,33,Hombres,20857
Coahuila de Zaragoza,33 Años,33,Mujeres,21501
Coahuila de Zaragoza,34 Años,34,Hombres,20520
Coahuila de Zaragoza,34 Años,34,Mujeres,20644
Coahuila de Zaragoza,35 Años,35,Hombres,23880
Coahuila de Zaragoza,35 Años,35,Mujeres,23996
Coahuila de Zaragoza,36 Años,36,Hombres,21759
Coahuila de Zaragoza,36 Años,36,Mujeres,22702
Coahuila de Zaragoza,37 Años,37,Hombres,19627
Coahuila de Zaragoza,37 Años,37,Mujeres,19882
Coahuila de Zaragoza,38 Años,38,Hombres,23788
Coahuila de Zaragoza,38 Años,38,Mujeres,23190
Coahuila de Zaragoza,39 Años,39,Hombres,20317
Coahuila de Zaragoza,39 Años,39,Mujeres,20493
Coahuila de Zaragoza,40 Años,40,Hombres,26716
Coahuila de Zaragoza,40 Años,40,Mujeres,27456
Coahuila de Zaragoza,41 Años,41,Hombres,17033
Coahuila de Zaragoza,41 Años,41,Mujeres,18017
Coahuila de Zaragoza,42 Años,42,Hombres,24480
Coahuila de Zaragoza,42 Años,42,Mujeres,25463
Coahuila de Zaragoza,43 Años,43,Hombres,21136
Coahuila de Zaragoza,43 Años,43,Mujeres,21812
Coahuila de Zaragoza,44 Años,44,Hombres,17626
Coahuila de Zaragoza,44 Años,44,Mujeres,18948
Coahuila de Zaragoza,45 Años,45,Hombres,24237
Coahuila de Zaragoza,45 Años,45,Mujeres,24561
Coahuila de Zaragoza,46 Años,46,Hombres,18958
Coahuila de Zaragoza,46 Años,46,Mujeres,20273
Coahuila de Zaragoza,47 Años,47,Hombres,19327
Coahuila de Zaragoza,47 Años,47,Mujeres,20121
Coahuila de Zaragoza,48 Años,48,Hombres,20190
Coahuila de Zaragoza,48 Años,48,Mujeres,20751
Coahuila de Zaragoza,49 Años,49,Hombres,18134
Coahuila de Zaragoza,49 Años,49,Mujeres,18650
Coahuila de Zaragoza,50 Años,50,Hombres,22827
Coahuila de Zaragoza,50 Años,50,Mujeres,23782
Coahuila de Zaragoza,51 Años,51,Hombres,13536
Coahuila de Zaragoza,51 Años,51,Mujeres,14673
Coahuila de Zaragoza,52 Años,52,Hombres,18264
Coahuila de Zaragoza,52 Años,52,Mujeres,19308
Coahuila de Zaragoza,53 Años,53,Hombres,15945
Coahuila de Zaragoza,53 Años,53,Mujeres,16714
Coahuila de Zaragoza,54 Años,54,Hombres,15851
Coahuila de Zaragoza,54 Años,54,Mujeres,17314
Coahuila de Zaragoza,55 Años,55,Hombres,15598
Coahuila de Zaragoza,55 Años,55,Mujeres,17106
Coahuila de Zaragoza,56 Años,56,Hombres,14829
Coahuila de Zaragoza,56 Años,56,Mujeres,15606
Coahuila de Zaragoza,57 Años,57,Hombres,12377
Coahuila de Zaragoza,57 Años,57,Mujeres,12832
Coahuila de Zaragoza,58 Años,58,Hombres,13750
Coahuila de Zaragoza,58 Años,58,Mujeres,14461
Coahuila de Zaragoza,59 Años,59,Hombres,12561
Coahuila de Zaragoza,59 Años,59,Mujeres,13095
Coahuila de Zaragoza,60 Años,60,Hombres,15821
Coahuila de Zaragoza,60 Años,60,Mujeres,17230
Coahuila de Zaragoza,61 Años,61,Hombres,9095
Coahuila de Zaragoza,61 Años,61,Mujeres,9828
Coahuila de Zaragoza,62 Años,62,Hombres,11683
Coahuila de Zaragoza,62 Años,62,Mujeres,12500
Coahuila de Zaragoza,63 Años,63,Hombres,10970
Coahuila de Zaragoza,63 Años,63,Mujeres,11706
Coahuila de Zaragoza,64 Años,64,Hombres,9738
Coahuila de Zaragoza,64 Años,64,Mujeres,10379
Coahuila de Zaragoza,65 Años,65,Hombres,10810
Coahuila de Zaragoza,65 Años,65,Mujeres,11597
Coahuila de Zaragoza,66 Años,66,Hombres,7449
Coahuila de Zaragoza,66 Años,66,Mujeres,8123
Coahuila de Zaragoza,67 Años,67,Hombres,7494
Coahuila de Zaragoza,67 Años,67,Mujeres,7725
Coahuila de Zaragoza,68 Años,68,Hombres,8503
Coahuila de Zaragoza,68 Años,68,Mujeres,9416
Coahuila de Zaragoza,69 Años,69,Hombres,6374
Coahuila de Zaragoza,69 Años,69,Mujeres,6931
Coahuila de Zaragoza,70 Años,70,Hombres,7786
Coahuila de Zaragoza,70 Años,70,Mujeres,8592
Coahuila de Zaragoza,71 Años,71,Hombres,4773
Coahuila de Zaragoza,71 Años,71,Mujeres,5196
Coahuila de Zaragoza,72 Años,72,Hombres,6527
Coahuila de Zaragoza,72 Años,72,Mujeres,7216
Coahuila de Zaragoza,73 Años,73,Hombres,5360
Coahuila de Zaragoza,73 Años,73,Mujeres,5772
Coahuila de Zaragoza,74 Años,74,Hombres,5012
Coahuila de Zaragoza,74 Años,74,Mujeres,5450
Coahuila de Zaragoza,75 Años,75,Hombres,4994
Coahuila de Zaragoza,75 Años,75,Mujeres,5470
Coahuila de Zaragoza,76 Años,76,Hombres,4082
Coahuila de Zaragoza,76 Años,76,Mujeres,4505
Coahuila de Zaragoza,77 Años,77,Hombres,3304
Coahuila de Zaragoza,77 Años,77,Mujeres,3726
Coahuila de Zaragoza,78 Años,78,Hombres,3737
Coahuila de Zaragoza,78 Años,78,Mujeres,4097
Coahuila de Zaragoza,79 Años,79,Hombres,2719
Coahuila de Zaragoza,79 Años,79,Mujeres,3167
Coahuila de Zaragoza,80 Años,80,Hombres,3323
Coahuila de Zaragoza,80 Años,80,Mujeres,3945
Coahuila de Zaragoza,81 Años,81,Hombres,1784
Coahuila de Zaragoza,81 Años,81,Mujeres,2146
Coahuila de Zaragoza,82 Años,82,Hombres,2259
Coahuila de Zaragoza,82 Años,82,Mujeres,2698
Coahuila de Zaragoza,83 Años,83,Hombres,1992
Coahuila de Zaragoza,83 Años,83,Mujeres,2552
Coahuila de Zaragoza,84 Años,84,Hombres,1841
Coahuila de Zaragoza,84 Años,84,Mujeres,2311
Coahuila de Zaragoza,85 Años,85,Hombres,1565
Coahuila de Zaragoza,85 Años,85,Mujeres,2044
Coahuila de Zaragoza,86 Años,86,Hombres,1356
Coahuila de Zaragoza,86 Años,86,Mujeres,1631
Coahuila de Zaragoza,87 Años,87,Hombres,1069
Coahuila de Zaragoza,87 Años,87,Mujeres,1276
Coahuila de Zaragoza,88 Años,88,Hombres,825
Coahuila de Zaragoza,88 Años,88,Mujeres,1066
Coahuila de Zaragoza,89 Años,89,Hombres,688
Coahuila de Zaragoza,89 Años,89,Mujeres,975
Coahuila de Zaragoza,90 Años,90,Hombres,616
Coahuila de Zaragoza,90 Años,90,Mujeres,966
Coahuila de Zaragoza,91 Años,91,Hombres,324
Coahuila de Zaragoza,91 Años,91,Mujeres,506
Coahuila de Zaragoza,92 Años,92,Hombres,393
Coahuila de Zaragoza,92 Años,92,Mujeres,555
Coahuila de Zaragoza,93 Años,93,Hombres,288
Coahuila de Zaragoza,93 Años,93,Mujeres,457
Coahuila de Zaragoza,94 Años,94,Hombres,205
Coahuila de Zaragoza,94 Años,94,Mujeres,402
Coahuila de Zaragoza,95 Años,95,Hombres,170
Coahuila de Zaragoza,95 Años,95,Mujeres,294
Coahuila de Zaragoza,96 Años,96,Hombres,129
Coahuila de Zaragoza,96 Años,96,Mujeres,235
Coahuila de Zaragoza,97 Años,97,Hombres,96
Coahuila de Zaragoza,97 Años,97,Mujeres,149
Coahuila de Zaragoza,98 Años,98,Hombres,93
Coahuila de Zaragoza,98 Años,98,Mujeres,130
Coahuila de Zaragoza,99 Años,99,Hombres,41
Coahuila de Zaragoza,99 Años,99,Mujeres,71
Coahuila de Zaragoza,100 años y más,100,Hombres,70
Coahuila de Zaragoza,100 años y más,100,Mujeres,144
Coahuila de Zaragoza,No especificado,NA,Hombres,3074
Coahuila de Zaragoza,No especificado,NA,Mujeres,3085
Colima,0 Años,0,Hombres,4714
Colima,0 Años,0,Mujeres,4559
Colima,1 Año,1,Hombres,4985
Colima,1 Año,1,Mujeres,4712
Colima,2 Años,2,Hombres,5432
Colima,2 Años,2,Mujeres,5212
Colima,3 Años,3,Hombres,5469
Colima,3 Años,3,Mujeres,5618
Colima,4 Años,4,Hombres,5932
Colima,4 Años,4,Mujeres,5680
Colima,5 Años,5,Hombres,6043
Colima,5 Años,5,Mujeres,5727
Colima,6 Años,6,Hombres,6012
Colima,6 Años,6,Mujeres,5799
Colima,7 Años,7,Hombres,6046
Colima,7 Años,7,Mujeres,5900
Colima,8 Años,8,Hombres,6385
Colima,8 Años,8,Mujeres,6153
Colima,9 Años,9,Hombres,6160
Colima,9 Años,9,Mujeres,5824
Colima,10 Años,10,Hombres,6475
Colima,10 Años,10,Mujeres,6299
Colima,11 Años,11,Hombres,6043
Colima,11 Años,11,Mujeres,5848
Colima,12 Años,12,Hombres,6388
Colima,12 Años,12,Mujeres,6129
Colima,13 Años,13,Hombres,6001
Colima,13 Años,13,Mujeres,5684
Colima,14 Años,14,Hombres,6045
Colima,14 Años,14,Mujeres,5889
Colima,15 Años,15,Hombres,6294
Colima,15 Años,15,Mujeres,6132
Colima,16 Años,16,Hombres,5894
Colima,16 Años,16,Mujeres,5741
Colima,17 Años,17,Hombres,6266
Colima,17 Años,17,Mujeres,5912
Colima,18 Años,18,Hombres,6571
Colima,18 Años,18,Mujeres,6428
Colima,19 Años,19,Hombres,5642
Colima,19 Años,19,Mujeres,5783
Colima,20 Años,20,Hombres,6519
Colima,20 Años,20,Mujeres,6308
Colima,21 Años,21,Hombres,5517
Colima,21 Años,21,Mujeres,5582
Colima,22 Años,22,Hombres,5984
Colima,22 Años,22,Mujeres,5931
Colima,23 Años,23,Hombres,5785
Colima,23 Años,23,Mujeres,5927
Colima,24 Años,24,Hombres,5832
Colima,24 Años,24,Mujeres,5958
Colima,25 Años,25,Hombres,6065
Colima,25 Años,25,Mujeres,6355
Colima,26 Años,26,Hombres,5594
Colima,26 Años,26,Mujeres,5588
Colima,27 Años,27,Hombres,5740
Colima,27 Años,27,Mujeres,5814
Colima,28 Años,28,Hombres,5823
Colima,28 Años,28,Mujeres,5973
Colima,29 Años,29,Hombres,5362
Colima,29 Años,29,Mujeres,5721
Colima,30 Años,30,Hombres,6752
Colima,30 Años,30,Mujeres,7115
Colima,31 Años,31,Hombres,4535
Colima,31 Años,31,Mujeres,5014
Colima,32 Años,32,Hombres,5869
Colima,32 Años,32,Mujeres,6240
Colima,33 Años,33,Hombres,5344
Colima,33 Años,33,Mujeres,5846
Colima,34 Años,34,Hombres,5188
Colima,34 Años,34,Mujeres,5533
Colima,35 Años,35,Hombres,5975
Colima,35 Años,35,Mujeres,6188
Colima,36 Años,36,Hombres,5320
Colima,36 Años,36,Mujeres,5728
Colima,37 Años,37,Hombres,4747
Colima,37 Años,37,Mujeres,4977
Colima,38 Años,38,Hombres,5642
Colima,38 Años,38,Mujeres,5895
Colima,39 Años,39,Hombres,4950
Colima,39 Años,39,Mujeres,5144
Colima,40 Años,40,Hombres,6221
Colima,40 Años,40,Mujeres,6593
Colima,41 Años,41,Hombres,3913
Colima,41 Años,41,Mujeres,4259
Colima,42 Años,42,Hombres,5598
Colima,42 Años,42,Mujeres,5938
Colima,43 Años,43,Hombres,4815
Colima,43 Años,43,Mujeres,5078
Colima,44 Años,44,Hombres,4239
Colima,44 Años,44,Mujeres,4525
Colima,45 Años,45,Hombres,5466
Colima,45 Años,45,Mujeres,5670
Colima,46 Años,46,Hombres,4396
Colima,46 Años,46,Mujeres,4610
Colima,47 Años,47,Hombres,4464
Colima,47 Años,47,Mujeres,4462
Colima,48 Años,48,Hombres,4630
Colima,48 Años,48,Mujeres,4682
Colima,49 Años,49,Hombres,4191
Colima,49 Años,49,Mujeres,4562
Colima,50 Años,50,Hombres,5170
Colima,50 Años,50,Mujeres,5538
Colima,51 Años,51,Hombres,3190
Colima,51 Años,51,Mujeres,3434
Colima,52 Años,52,Hombres,4284
Colima,52 Años,52,Mujeres,4534
Colima,53 Años,53,Hombres,3640
Colima,53 Años,53,Mujeres,3932
Colima,54 Años,54,Hombres,3753
Colima,54 Años,54,Mujeres,4066
Colima,55 Años,55,Hombres,3764
Colima,55 Años,55,Mujeres,4175
Colima,56 Años,56,Hombres,3664
Colima,56 Años,56,Mujeres,3834
Colima,57 Años,57,Hombres,3090
Colima,57 Años,57,Mujeres,3211
Colima,58 Años,58,Hombres,3263
Colima,58 Años,58,Mujeres,3492
Colima,59 Años,59,Hombres,3062
Colima,59 Años,59,Mujeres,3264
Colima,60 Años,60,Hombres,3885
Colima,60 Años,60,Mujeres,4153
Colima,61 Años,61,Hombres,2251
Colima,61 Años,61,Mujeres,2471
Colima,62 Años,62,Hombres,3022
Colima,62 Años,62,Mujeres,3138
Colima,63 Años,63,Hombres,2781
Colima,63 Años,63,Mujeres,2977
Colima,64 Años,64,Hombres,2534
Colima,64 Años,64,Mujeres,2583
Colima,65 Años,65,Hombres,2804
Colima,65 Años,65,Mujeres,2977
Colima,66 Años,66,Hombres,2008
Colima,66 Años,66,Mujeres,2246
Colima,67 Años,67,Hombres,1999
Colima,67 Años,67,Mujeres,2105
Colima,68 Años,68,Hombres,2138
Colima,68 Años,68,Mujeres,2308
Colima,69 Años,69,Hombres,1653
Colima,69 Años,69,Mujeres,1833
Colima,70 Años,70,Hombres,2045
Colima,70 Años,70,Mujeres,2218
Colima,71 Años,71,Hombres,1250
Colima,71 Años,71,Mujeres,1305
Colima,72 Años,72,Hombres,1716
Colima,72 Años,72,Mujeres,1850
Colima,73 Años,73,Hombres,1433
Colima,73 Años,73,Mujeres,1575
Colima,74 Años,74,Hombres,1266
Colima,74 Años,74,Mujeres,1428
Colima,75 Años,75,Hombres,1349
Colima,75 Años,75,Mujeres,1535
Colima,76 Años,76,Hombres,1057
Colima,76 Años,76,Mujeres,1144
Colima,77 Años,77,Hombres,908
Colima,77 Años,77,Mujeres,1010
Colima,78 Años,78,Hombres,987
Colima,78 Años,78,Mujeres,1122
Colima,79 Años,79,Hombres,800
Colima,79 Años,79,Mujeres,891
Colima,80 Años,80,Hombres,935
Colima,80 Años,80,Mujeres,995
Colima,81 Años,81,Hombres,503
Colima,81 Años,81,Mujeres,599
Colima,82 Años,82,Hombres,593
Colima,82 Años,82,Mujeres,761
Colima,83 Años,83,Hombres,512
Colima,83 Años,83,Mujeres,678
Colima,84 Años,84,Hombres,560
Colima,84 Años,84,Mujeres,723
Colima,85 Años,85,Hombres,421
Colima,85 Años,85,Mujeres,550
Colima,86 Años,86,Hombres,392
Colima,86 Años,86,Mujeres,467
Colima,87 Años,87,Hombres,278
Colima,87 Años,87,Mujeres,392
Colima,88 Años,88,Hombres,255
Colima,88 Años,88,Mujeres,340
Colima,89 Años,89,Hombres,215
Colima,89 Años,89,Mujeres,313
Colima,90 Años,90,Hombres,237
Colima,90 Años,90,Mujeres,338
Colima,91 Años,91,Hombres,103
Colima,91 Años,91,Mujeres,129
Colima,92 Años,92,Hombres,117
Colima,92 Años,92,Mujeres,169
Colima,93 Años,93,Hombres,108
Colima,93 Años,93,Mujeres,159
Colima,94 Años,94,Hombres,90
Colima,94 Años,94,Mujeres,121
Colima,95 Años,95,Hombres,66
Colima,95 Años,95,Mujeres,104
Colima,96 Años,96,Hombres,71
Colima,96 Años,96,Mujeres,94
Colima,97 Años,97,Hombres,45
Colima,97 Años,97,Mujeres,84
Colima,98 Años,98,Hombres,30
Colima,98 Años,98,Mujeres,42
Colima,99 Años,99,Hombres,24
Colima,99 Años,99,Mujeres,41
Colima,100 años y más,100,Hombres,53
Colima,100 años y más,100,Mujeres,95
Colima,No especificado,NA,Hombres,975
Colima,No especificado,NA,Mujeres,981
Chiapas,0 Años,0,Hombres,56560
Chiapas,0 Años,0,Mujeres,55187
Chiapas,1 Año,1,Hombres,55123
Chiapas,1 Año,1,Mujeres,54751
Chiapas,2 Años,2,Hombres,56480
Chiapas,2 Años,2,Mujeres,55954
Chiapas,3 Años,3,Hombres,58741
Chiapas,3 Años,3,Mujeres,58674
Chiapas,4 Años,4,Hombres,62007
Chiapas,4 Años,4,Mujeres,60675
Chiapas,5 Años,5,Hombres,62473
Chiapas,5 Años,5,Mujeres,60836
Chiapas,6 Años,6,Hombres,59685
Chiapas,6 Años,6,Mujeres,59512
Chiapas,7 Años,7,Hombres,62351
Chiapas,7 Años,7,Mujeres,60792
Chiapas,8 Años,8,Hombres,64837
Chiapas,8 Años,8,Mujeres,63454
Chiapas,9 Años,9,Hombres,59412
Chiapas,9 Años,9,Mujeres,59440
Chiapas,10 Años,10,Hombres,65359
Chiapas,10 Años,10,Mujeres,63511
Chiapas,11 Años,11,Hombres,56761
Chiapas,11 Años,11,Mujeres,55485
Chiapas,12 Años,12,Hombres,61490
Chiapas,12 Años,12,Mujeres,58739
Chiapas,13 Años,13,Hombres,55540
Chiapas,13 Años,13,Mujeres,55023
Chiapas,14 Años,14,Hombres,55964
Chiapas,14 Años,14,Mujeres,55260
Chiapas,15 Años,15,Hombres,55095
Chiapas,15 Años,15,Mujeres,55005
Chiapas,16 Años,16,Hombres,51911
Chiapas,16 Años,16,Mujeres,51572
Chiapas,17 Años,17,Hombres,55338
Chiapas,17 Años,17,Mujeres,54429
Chiapas,18 Años,18,Hombres,55751
Chiapas,18 Años,18,Mujeres,55877
Chiapas,19 Años,19,Hombres,44426
Chiapas,19 Años,19,Mujeres,47173
Chiapas,20 Años,20,Hombres,52274
Chiapas,20 Años,20,Mujeres,55533
Chiapas,21 Años,21,Hombres,38359
Chiapas,21 Años,21,Mujeres,40698
Chiapas,22 Años,22,Hombres,45895
Chiapas,22 Años,22,Mujeres,48398
Chiapas,23 Años,23,Hombres,44158
Chiapas,23 Años,23,Mujeres,48126
Chiapas,24 Años,24,Hombres,43046
Chiapas,24 Años,24,Mujeres,48036
Chiapas,25 Años,25,Hombres,44817
Chiapas,25 Años,25,Mujeres,49976
Chiapas,26 Años,26,Hombres,38140
Chiapas,26 Años,26,Mujeres,44299
Chiapas,27 Años,27,Hombres,38703
Chiapas,27 Años,27,Mujeres,43262
Chiapas,28 Años,28,Hombres,40485
Chiapas,28 Años,28,Mujeres,46135
Chiapas,29 Años,29,Hombres,36310
Chiapas,29 Años,29,Mujeres,42276
Chiapas,30 Años,30,Hombres,50630
Chiapas,30 Años,30,Mujeres,56653
Chiapas,31 Años,31,Hombres,27836
Chiapas,31 Años,31,Mujeres,32472
Chiapas,32 Años,32,Hombres,39356
Chiapas,32 Años,32,Mujeres,45048
Chiapas,33 Años,33,Hombres,33137
Chiapas,33 Años,33,Mujeres,39475
Chiapas,34 Años,34,Hombres,33802
Chiapas,34 Años,34,Mujeres,37636
Chiapas,35 Años,35,Hombres,39814
Chiapas,35 Años,35,Mujeres,44610
Chiapas,36 Años,36,Hombres,33436
Chiapas,36 Años,36,Mujeres,39043
Chiapas,37 Años,37,Hombres,30522
Chiapas,37 Años,37,Mujeres,34745
Chiapas,38 Años,38,Hombres,38963
Chiapas,38 Años,38,Mujeres,43738
Chiapas,39 Años,39,Hombres,31535
Chiapas,39 Años,39,Mujeres,36457
Chiapas,40 Años,40,Hombres,46528
Chiapas,40 Años,40,Mujeres,50303
Chiapas,41 Años,41,Hombres,21845
Chiapas,41 Años,41,Mujeres,24511
Chiapas,42 Años,42,Hombres,35521
Chiapas,42 Años,42,Mujeres,38290
Chiapas,43 Años,43,Hombres,27933
Chiapas,43 Años,43,Mujeres,31978
Chiapas,44 Años,44,Hombres,24645
Chiapas,44 Años,44,Mujeres,27650
Chiapas,45 Años,45,Hombres,34367
Chiapas,45 Años,45,Mujeres,36517
Chiapas,46 Años,46,Hombres,24227
Chiapas,46 Años,46,Mujeres,27161
Chiapas,47 Años,47,Hombres,24873
Chiapas,47 Años,47,Mujeres,26778
Chiapas,48 Años,48,Hombres,28357
Chiapas,48 Años,48,Mujeres,31313
Chiapas,49 Años,49,Hombres,23985
Chiapas,49 Años,49,Mujeres,26755
Chiapas,50 Años,50,Hombres,34218
Chiapas,50 Años,50,Mujeres,36525
Chiapas,51 Años,51,Hombres,16812
Chiapas,51 Años,51,Mujeres,17780
Chiapas,52 Años,52,Hombres,24428
Chiapas,52 Años,52,Mujeres,25836
Chiapas,53 Años,53,Hombres,20662
Chiapas,53 Años,53,Mujeres,22867
Chiapas,54 Años,54,Hombres,21037
Chiapas,54 Años,54,Mujeres,23683
Chiapas,55 Años,55,Hombres,23171
Chiapas,55 Años,55,Mujeres,25208
Chiapas,56 Años,56,Hombres,20571
Chiapas,56 Años,56,Mujeres,21407
Chiapas,57 Años,57,Hombres,16307
Chiapas,57 Años,57,Mujeres,17489
Chiapas,58 Años,58,Hombres,18674
Chiapas,58 Años,58,Mujeres,20300
Chiapas,59 Años,59,Hombres,16182
Chiapas,59 Años,59,Mujeres,17046
Chiapas,60 Años,60,Hombres,24307
Chiapas,60 Años,60,Mujeres,25097
Chiapas,61 Años,61,Hombres,10696
Chiapas,61 Años,61,Mujeres,11050
Chiapas,62 Años,62,Hombres,14292
Chiapas,62 Años,62,Mujeres,14757
Chiapas,63 Años,63,Hombres,14096
Chiapas,63 Años,63,Mujeres,14994
Chiapas,64 Años,64,Hombres,14277
Chiapas,64 Años,64,Mujeres,15160
Chiapas,65 Años,65,Hombres,18098
Chiapas,65 Años,65,Mujeres,18833
Chiapas,66 Años,66,Hombres,11533
Chiapas,66 Años,66,Mujeres,11871
Chiapas,67 Años,67,Hombres,11279
Chiapas,67 Años,67,Mujeres,11150
Chiapas,68 Años,68,Hombres,12719
Chiapas,68 Años,68,Mujeres,13332
Chiapas,69 Años,69,Hombres,8406
Chiapas,69 Años,69,Mujeres,8556
Chiapas,70 Años,70,Hombres,14218
Chiapas,70 Años,70,Mujeres,14458
Chiapas,71 Años,71,Hombres,5779
Chiapas,71 Años,71,Mujeres,5401
Chiapas,72 Años,72,Hombres,8931
Chiapas,72 Años,72,Mujeres,8506
Chiapas,73 Años,73,Hombres,7152
Chiapas,73 Años,73,Mujeres,7040
Chiapas,74 Años,74,Hombres,7039
Chiapas,74 Años,74,Mujeres,7331
Chiapas,75 Años,75,Hombres,8779
Chiapas,75 Años,75,Mujeres,8913
Chiapas,76 Años,76,Hombres,6357
Chiapas,76 Años,76,Mujeres,6077
Chiapas,77 Años,77,Hombres,5379
Chiapas,77 Años,77,Mujeres,5378
Chiapas,78 Años,78,Hombres,6929
Chiapas,78 Años,78,Mujeres,6532
Chiapas,79 Años,79,Hombres,4527
Chiapas,79 Años,79,Mujeres,4287
Chiapas,80 Años,80,Hombres,7035
Chiapas,80 Años,80,Mujeres,7442
Chiapas,81 Años,81,Hombres,2675
Chiapas,81 Años,81,Mujeres,2446
Chiapas,82 Años,82,Hombres,3339
Chiapas,82 Años,82,Mujeres,3270
Chiapas,83 Años,83,Hombres,2974
Chiapas,83 Años,83,Mujeres,3030
Chiapas,84 Años,84,Hombres,3024
Chiapas,84 Años,84,Mujeres,3010
Chiapas,85 Años,85,Hombres,3414
Chiapas,85 Años,85,Mujeres,3552
Chiapas,86 Años,86,Hombres,2166
Chiapas,86 Años,86,Mujeres,2325
Chiapas,87 Años,87,Hombres,1911
Chiapas,87 Años,87,Mujeres,2008
Chiapas,88 Años,88,Hombres,1693
Chiapas,88 Años,88,Mujeres,1773
Chiapas,89 Años,89,Hombres,1454
Chiapas,89 Años,89,Mujeres,1543
Chiapas,90 Años,90,Hombres,1977
Chiapas,90 Años,90,Mujeres,2146
Chiapas,91 Años,91,Hombres,592
Chiapas,91 Años,91,Mujeres,591
Chiapas,92 Años,92,Hombres,696
Chiapas,92 Años,92,Mujeres,685
Chiapas,93 Años,93,Hombres,555
Chiapas,93 Años,93,Mujeres,601
Chiapas,94 Años,94,Hombres,480
Chiapas,94 Años,94,Mujeres,530
Chiapas,95 Años,95,Hombres,575
Chiapas,95 Años,95,Mujeres,710
Chiapas,96 Años,96,Hombres,372
Chiapas,96 Años,96,Mujeres,433
Chiapas,97 Años,97,Hombres,275
Chiapas,97 Años,97,Mujeres,294
Chiapas,98 Años,98,Hombres,319
Chiapas,98 Años,98,Mujeres,388
Chiapas,99 Años,99,Hombres,211
Chiapas,99 Años,99,Mujeres,278
Chiapas,100 años y más,100,Hombres,651
Chiapas,100 años y más,100,Mujeres,798
Chiapas,No especificado,NA,Hombres,13901
Chiapas,No especificado,NA,Mujeres,13943
Chihuahua,0 Años,0,Hombres,25323
Chihuahua,0 Años,0,Mujeres,24635
Chihuahua,1 Año,1,Hombres,27385
Chihuahua,1 Año,1,Mujeres,26001
Chihuahua,2 Años,2,Hombres,30776
Chihuahua,2 Años,2,Mujeres,29830
Chihuahua,3 Años,3,Hombres,31879
Chihuahua,3 Años,3,Mujeres,31651
Chihuahua,4 Años,4,Hombres,32247
Chihuahua,4 Años,4,Mujeres,31559
Chihuahua,5 Años,5,Hombres,33035
Chihuahua,5 Años,5,Mujeres,31335
Chihuahua,6 Años,6,Hombres,31596
Chihuahua,6 Años,6,Mujeres,30981
Chihuahua,7 Años,7,Hombres,31616
Chihuahua,7 Años,7,Mujeres,30976
Chihuahua,8 Años,8,Hombres,33957
Chihuahua,8 Años,8,Mujeres,32364
Chihuahua,9 Años,9,Hombres,30978
Chihuahua,9 Años,9,Mujeres,30484
Chihuahua,10 Años,10,Hombres,35513
Chihuahua,10 Años,10,Mujeres,33840
Chihuahua,11 Años,11,Hombres,32372
Chihuahua,11 Años,11,Mujeres,31230
Chihuahua,12 Años,12,Hombres,35572
Chihuahua,12 Años,12,Mujeres,34022
Chihuahua,13 Años,13,Hombres,33246
Chihuahua,13 Años,13,Mujeres,32288
Chihuahua,14 Años,14,Hombres,32912
Chihuahua,14 Años,14,Mujeres,32720
Chihuahua,15 Años,15,Hombres,33734
Chihuahua,15 Años,15,Mujeres,32563
Chihuahua,16 Años,16,Hombres,32229
Chihuahua,16 Años,16,Mujeres,31237
Chihuahua,17 Años,17,Hombres,33406
Chihuahua,17 Años,17,Mujeres,32045
Chihuahua,18 Años,18,Hombres,35605
Chihuahua,18 Años,18,Mujeres,34111
Chihuahua,19 Años,19,Hombres,30968
Chihuahua,19 Años,19,Mujeres,30435
Chihuahua,20 Años,20,Hombres,35240
Chihuahua,20 Años,20,Mujeres,34840
Chihuahua,21 Años,21,Hombres,30377
Chihuahua,21 Años,21,Mujeres,29934
Chihuahua,22 Años,22,Hombres,31799
Chihuahua,22 Años,22,Mujeres,31352
Chihuahua,23 Años,23,Hombres,30324
Chihuahua,23 Años,23,Mujeres,30513
Chihuahua,24 Años,24,Hombres,29541
Chihuahua,24 Años,24,Mujeres,30147
Chihuahua,25 Años,25,Hombres,32360
Chihuahua,25 Años,25,Mujeres,32597
Chihuahua,26 Años,26,Hombres,29006
Chihuahua,26 Años,26,Mujeres,29971
Chihuahua,27 Años,27,Hombres,28643
Chihuahua,27 Años,27,Mujeres,29352
Chihuahua,28 Años,28,Hombres,30612
Chihuahua,28 Años,28,Mujeres,30564
Chihuahua,29 Años,29,Hombres,27223
Chihuahua,29 Años,29,Mujeres,27971
Chihuahua,30 Años,30,Hombres,34444
Chihuahua,30 Años,30,Mujeres,34942
Chihuahua,31 Años,31,Hombres,22489
Chihuahua,31 Años,31,Mujeres,23757
Chihuahua,32 Años,32,Hombres,29176
Chihuahua,32 Años,32,Mujeres,29803
Chihuahua,33 Años,33,Hombres,24665
Chihuahua,33 Años,33,Mujeres,25923
Chihuahua,34 Años,34,Hombres,24875
Chihuahua,34 Años,34,Mujeres,25570
Chihuahua,35 Años,35,Hombres,29094
Chihuahua,35 Años,35,Mujeres,29550
Chihuahua,36 Años,36,Hombres,26832
Chihuahua,36 Años,36,Mujeres,27320
Chihuahua,37 Años,37,Hombres,23056
Chihuahua,37 Años,37,Mujeres,23713
Chihuahua,38 Años,38,Hombres,28349
Chihuahua,38 Años,38,Mujeres,28338
Chihuahua,39 Años,39,Hombres,23281
Chihuahua,39 Años,39,Mujeres,24136
Chihuahua,40 Años,40,Hombres,31448
Chihuahua,40 Años,40,Mujeres,31386
Chihuahua,41 Años,41,Hombres,19424
Chihuahua,41 Años,41,Mujeres,20605
Chihuahua,42 Años,42,Hombres,28396
Chihuahua,42 Años,42,Mujeres,28342
Chihuahua,43 Años,43,Hombres,24177
Chihuahua,43 Años,43,Mujeres,24892
Chihuahua,44 Años,44,Hombres,20909
Chihuahua,44 Años,44,Mujeres,22404
Chihuahua,45 Años,45,Hombres,29508
Chihuahua,45 Años,45,Mujeres,29356
Chihuahua,46 Años,46,Hombres,23183
Chihuahua,46 Años,46,Mujeres,24201
Chihuahua,47 Años,47,Hombres,23718
Chihuahua,47 Años,47,Mujeres,24175
Chihuahua,48 Años,48,Hombres,24998
Chihuahua,48 Años,48,Mujeres,25178
Chihuahua,49 Años,49,Hombres,21831
Chihuahua,49 Años,49,Mujeres,22374
Chihuahua,50 Años,50,Hombres,28491
Chihuahua,50 Años,50,Mujeres,29124
Chihuahua,51 Años,51,Hombres,17282
Chihuahua,51 Años,51,Mujeres,17824
Chihuahua,52 Años,52,Hombres,23117
Chihuahua,52 Años,52,Mujeres,23948
Chihuahua,53 Años,53,Hombres,19497
Chihuahua,53 Años,53,Mujeres,20256
Chihuahua,54 Años,54,Hombres,19217
Chihuahua,54 Años,54,Mujeres,21174
Chihuahua,55 Años,55,Hombres,19465
Chihuahua,55 Años,55,Mujeres,20475
Chihuahua,56 Años,56,Hombres,18604
Chihuahua,56 Años,56,Mujeres,19328
Chihuahua,57 Años,57,Hombres,14941
Chihuahua,57 Años,57,Mujeres,16186
Chihuahua,58 Años,58,Hombres,16458
Chihuahua,58 Años,58,Mujeres,17788
Chihuahua,59 Años,59,Hombres,14560
Chihuahua,59 Años,59,Mujeres,15834
Chihuahua,60 Años,60,Hombres,18772
Chihuahua,60 Años,60,Mujeres,20686
Chihuahua,61 Años,61,Hombres,10600
Chihuahua,61 Años,61,Mujeres,11943
Chihuahua,62 Años,62,Hombres,13596
Chihuahua,62 Años,62,Mujeres,15312
Chihuahua,63 Años,63,Hombres,12572
Chihuahua,63 Años,63,Mujeres,13973
Chihuahua,64 Años,64,Hombres,10990
Chihuahua,64 Años,64,Mujeres,12417
Chihuahua,65 Años,65,Hombres,13170
Chihuahua,65 Años,65,Mujeres,14514
Chihuahua,66 Años,66,Hombres,8695
Chihuahua,66 Años,66,Mujeres,9727
Chihuahua,67 Años,67,Hombres,8333
Chihuahua,67 Años,67,Mujeres,9593
Chihuahua,68 Años,68,Hombres,9740
Chihuahua,68 Años,68,Mujeres,11480
Chihuahua,69 Años,69,Hombres,7315
Chihuahua,69 Años,69,Mujeres,8377
Chihuahua,70 Años,70,Hombres,9040
Chihuahua,70 Años,70,Mujeres,10669
Chihuahua,71 Años,71,Hombres,5605
Chihuahua,71 Años,71,Mujeres,6443
Chihuahua,72 Años,72,Hombres,7721
Chihuahua,72 Años,72,Mujeres,8826
Chihuahua,73 Años,73,Hombres,6080
Chihuahua,73 Años,73,Mujeres,6956
Chihuahua,74 Años,74,Hombres,5741
Chihuahua,74 Años,74,Mujeres,6937
Chihuahua,75 Años,75,Hombres,6222
Chihuahua,75 Años,75,Mujeres,6955
Chihuahua,76 Años,76,Hombres,4840
Chihuahua,76 Años,76,Mujeres,5651
Chihuahua,77 Años,77,Hombres,4186
Chihuahua,77 Años,77,Mujeres,4936
Chihuahua,78 Años,78,Hombres,4671
Chihuahua,78 Años,78,Mujeres,5198
Chihuahua,79 Años,79,Hombres,3554
Chihuahua,79 Años,79,Mujeres,4052
Chihuahua,80 Años,80,Hombres,4386
Chihuahua,80 Años,80,Mujeres,5211
Chihuahua,81 Años,81,Hombres,2315
Chihuahua,81 Años,81,Mujeres,2767
Chihuahua,82 Años,82,Hombres,2861
Chihuahua,82 Años,82,Mujeres,3356
Chihuahua,83 Años,83,Hombres,2462
Chihuahua,83 Años,83,Mujeres,2993
Chihuahua,84 Años,84,Hombres,2249
Chihuahua,84 Años,84,Mujeres,2787
Chihuahua,85 Años,85,Hombres,2027
Chihuahua,85 Años,85,Mujeres,2596
Chihuahua,86 Años,86,Hombres,1508
Chihuahua,86 Años,86,Mujeres,2009
Chihuahua,87 Años,87,Hombres,1274
Chihuahua,87 Años,87,Mujeres,1600
Chihuahua,88 Años,88,Hombres,960
Chihuahua,88 Años,88,Mujeres,1271
Chihuahua,89 Años,89,Hombres,816
Chihuahua,89 Años,89,Mujeres,1189
Chihuahua,90 Años,90,Hombres,768
Chihuahua,90 Años,90,Mujeres,1113
Chihuahua,91 Años,91,Hombres,397
Chihuahua,91 Años,91,Mujeres,557
Chihuahua,92 Años,92,Hombres,369
Chihuahua,92 Años,92,Mujeres,630
Chihuahua,93 Años,93,Hombres,324
Chihuahua,93 Años,93,Mujeres,523
Chihuahua,94 Años,94,Hombres,272
Chihuahua,94 Años,94,Mujeres,423
Chihuahua,95 Años,95,Hombres,188
Chihuahua,95 Años,95,Mujeres,322
Chihuahua,96 Años,96,Hombres,126
Chihuahua,96 Años,96,Mujeres,218
Chihuahua,97 Años,97,Hombres,94
Chihuahua,97 Años,97,Mujeres,143
Chihuahua,98 Años,98,Hombres,79
Chihuahua,98 Años,98,Mujeres,161
Chihuahua,99 Años,99,Hombres,44
Chihuahua,99 Años,99,Mujeres,102
Chihuahua,100 años y más,100,Hombres,88
Chihuahua,100 años y más,100,Mujeres,155
Chihuahua,No especificado,NA,Hombres,3813
Chihuahua,No especificado,NA,Mujeres,3826
Ciudad de México,0 Años,0,Hombres,41310
Ciudad de México,0 Años,0,Mujeres,40226
Ciudad de México,1 Año,1,Hombres,45221
Ciudad de México,1 Año,1,Mujeres,43904
Ciudad de México,2 Años,2,Hombres,48900
Ciudad de México,2 Años,2,Mujeres,47590
Ciudad de México,3 Años,3,Hombres,52090
Ciudad de México,3 Años,3,Mujeres,51251
Ciudad de México,4 Años,4,Hombres,55356
Ciudad de México,4 Años,4,Mujeres,54056
Ciudad de México,5 Años,5,Hombres,57159
Ciudad de México,5 Años,5,Mujeres,55030
Ciudad de México,6 Años,6,Hombres,55516
Ciudad de México,6 Años,6,Mujeres,53875
Ciudad de México,7 Años,7,Hombres,57012
Ciudad de México,7 Años,7,Mujeres,55861
Ciudad de México,8 Años,8,Hombres,60489
Ciudad de México,8 Años,8,Mujeres,57965
Ciudad de México,9 Años,9,Hombres,56104
Ciudad de México,9 Años,9,Mujeres,54896
Ciudad de México,10 Años,10,Hombres,64608
Ciudad de México,10 Años,10,Mujeres,61279
Ciudad de México,11 Años,11,Hombres,58410
Ciudad de México,11 Años,11,Mujeres,56711
Ciudad de México,12 Años,12,Hombres,63974
Ciudad de México,12 Años,12,Mujeres,61967
Ciudad de México,13 Años,13,Hombres,60848
Ciudad de México,13 Años,13,Mujeres,59275
Ciudad de México,14 Años,14,Hombres,61300
Ciudad de México,14 Años,14,Mujeres,60590
Ciudad de México,15 Años,15,Hombres,65006
Ciudad de México,15 Años,15,Mujeres,62334
Ciudad de México,16 Años,16,Hombres,62331
Ciudad de México,16 Años,16,Mujeres,60084
Ciudad de México,17 Años,17,Hombres,66533
Ciudad de México,17 Años,17,Mujeres,64520
Ciudad de México,18 Años,18,Hombres,73588
Ciudad de México,18 Años,18,Mujeres,70109
Ciudad de México,19 Años,19,Hombres,63651
Ciudad de México,19 Años,19,Mujeres,62233
Ciudad de México,20 Años,20,Hombres,76925
Ciudad de México,20 Años,20,Mujeres,75958
Ciudad de México,21 Años,21,Hombres,65672
Ciudad de México,21 Años,21,Mujeres,63366
Ciudad de México,22 Años,22,Hombres,74544
Ciudad de México,22 Años,22,Mujeres,73838
Ciudad de México,23 Años,23,Hombres,70595
Ciudad de México,23 Años,23,Mujeres,70487
Ciudad de México,24 Años,24,Hombres,71313
Ciudad de México,24 Años,24,Mujeres,71907
Ciudad de México,25 Años,25,Hombres,80604
Ciudad de México,25 Años,25,Mujeres,82156
Ciudad de México,26 Años,26,Hombres,72543
Ciudad de México,26 Años,26,Mujeres,75073
Ciudad de México,27 Años,27,Hombres,72799
Ciudad de México,27 Años,27,Mujeres,73558
Ciudad de México,28 Años,28,Hombres,78713
Ciudad de México,28 Años,28,Mujeres,79210
Ciudad de México,29 Años,29,Hombres,67422
Ciudad de México,29 Años,29,Mujeres,70211
Ciudad de México,30 Años,30,Hombres,93636
Ciudad de México,30 Años,30,Mujeres,96487
Ciudad de México,31 Años,31,Hombres,58262
Ciudad de México,31 Años,31,Mujeres,61406
Ciudad de México,32 Años,32,Hombres,76596
Ciudad de México,32 Años,32,Mujeres,81325
Ciudad de México,33 Años,33,Hombres,69087
Ciudad de México,33 Años,33,Mujeres,71917
Ciudad de México,34 Años,34,Hombres,65867
Ciudad de México,34 Años,34,Mujeres,69028
Ciudad de México,35 Años,35,Hombres,79816
Ciudad de México,35 Años,35,Mujeres,83962
Ciudad de México,36 Años,36,Hombres,69313
Ciudad de México,36 Años,36,Mujeres,74894
Ciudad de México,37 Años,37,Hombres,59249
Ciudad de México,37 Años,37,Mujeres,63323
Ciudad de México,38 Años,38,Hombres,73832
Ciudad de México,38 Años,38,Mujeres,78075
Ciudad de México,39 Años,39,Hombres,58335
Ciudad de México,39 Años,39,Mujeres,65051
Ciudad de México,40 Años,40,Hombres,84548
Ciudad de México,40 Años,40,Mujeres,93207
Ciudad de México,41 Años,41,Hombres,47909
Ciudad de México,41 Años,41,Mujeres,52961
Ciudad de México,42 Años,42,Hombres,72053
Ciudad de México,42 Años,42,Mujeres,79888
Ciudad de México,43 Años,43,Hombres,59009
Ciudad de México,43 Años,43,Mujeres,67136
Ciudad de México,44 Años,44,Hombres,53793
Ciudad de México,44 Años,44,Mujeres,59803
Ciudad de México,45 Años,45,Hombres,76780
Ciudad de México,45 Años,45,Mujeres,85039
Ciudad de México,46 Años,46,Hombres,59347
Ciudad de México,46 Años,46,Mujeres,67815
Ciudad de México,47 Años,47,Hombres,59267
Ciudad de México,47 Años,47,Mujeres,66846
Ciudad de México,48 Años,48,Hombres,62654
Ciudad de México,48 Años,48,Mujeres,70838
Ciudad de México,49 Años,49,Hombres,55798
Ciudad de México,49 Años,49,Mujeres,64561
Ciudad de México,50 Años,50,Hombres,78192
Ciudad de México,50 Años,50,Mujeres,90453
Ciudad de México,51 Años,51,Hombres,44170
Ciudad de México,51 Años,51,Mujeres,52346
Ciudad de México,52 Años,52,Hombres,61913
Ciudad de México,52 Años,52,Mujeres,71488
Ciudad de México,53 Años,53,Hombres,51249
Ciudad de México,53 Años,53,Mujeres,60175
Ciudad de México,54 Años,54,Hombres,50870
Ciudad de México,54 Años,54,Mujeres,62627
Ciudad de México,55 Años,55,Hombres,54300
Ciudad de México,55 Años,55,Mujeres,64480
Ciudad de México,56 Años,56,Hombres,53456
Ciudad de México,56 Años,56,Mujeres,62816
Ciudad de México,57 Años,57,Hombres,42393
Ciudad de México,57 Años,57,Mujeres,51342
Ciudad de México,58 Años,58,Hombres,47237
Ciudad de México,58 Años,58,Mujeres,56724
Ciudad de México,59 Años,59,Hombres,42265
Ciudad de México,59 Años,59,Mujeres,51434
Ciudad de México,60 Años,60,Hombres,58093
Ciudad de México,60 Años,60,Mujeres,71077
Ciudad de México,61 Años,61,Hombres,32496
Ciudad de México,61 Años,61,Mujeres,41209
Ciudad de México,62 Años,62,Hombres,42892
Ciudad de México,62 Años,62,Mujeres,53188
Ciudad de México,63 Años,63,Hombres,39272
Ciudad de México,63 Años,63,Mujeres,49053
Ciudad de México,64 Años,64,Hombres,36312
Ciudad de México,64 Años,64,Mujeres,45922
Ciudad de México,65 Años,65,Hombres,43113
Ciudad de México,65 Años,65,Mujeres,53921
Ciudad de México,66 Años,66,Hombres,28731
Ciudad de México,66 Años,66,Mujeres,36329
Ciudad de México,67 Años,67,Hombres,28729
Ciudad de México,67 Años,67,Mujeres,35548
Ciudad de México,68 Años,68,Hombres,32104
Ciudad de México,68 Años,68,Mujeres,41388
Ciudad de México,69 Años,69,Hombres,24568
Ciudad de México,69 Años,69,Mujeres,31765
Ciudad de México,70 Años,70,Hombres,30427
Ciudad de México,70 Años,70,Mujeres,39622
Ciudad de México,71 Años,71,Hombres,18884
Ciudad de México,71 Años,71,Mujeres,24810
Ciudad de México,72 Años,72,Hombres,25900
Ciudad de México,72 Años,72,Mujeres,34010
Ciudad de México,73 Años,73,Hombres,20874
Ciudad de México,73 Años,73,Mujeres,27899
Ciudad de México,74 Años,74,Hombres,19045
Ciudad de México,74 Años,74,Mujeres,26273
Ciudad de México,75 Años,75,Hombres,19520
Ciudad de México,75 Años,75,Mujeres,26465
Ciudad de México,76 Años,76,Hombres,15886
Ciudad de México,76 Años,76,Mujeres,21929
Ciudad de México,77 Años,77,Hombres,12771
Ciudad de México,77 Años,77,Mujeres,17303
Ciudad de México,78 Años,78,Hombres,14343
Ciudad de México,78 Años,78,Mujeres,19452
Ciudad de México,79 Años,79,Hombres,11690
Ciudad de México,79 Años,79,Mujeres,15856
Ciudad de México,80 Años,80,Hombres,13077
Ciudad de México,80 Años,80,Mujeres,19828
Ciudad de México,81 Años,81,Hombres,7766
Ciudad de México,81 Años,81,Mujeres,11338
Ciudad de México,82 Años,82,Hombres,9590
Ciudad de México,82 Años,82,Mujeres,14355
Ciudad de México,83 Años,83,Hombres,8218
Ciudad de México,83 Años,83,Mujeres,13339
Ciudad de México,84 Años,84,Hombres,7443
Ciudad de México,84 Años,84,Mujeres,12526
Ciudad de México,85 Años,85,Hombres,7128
Ciudad de México,85 Años,85,Mujeres,11877
Ciudad de México,86 Años,86,Hombres,5611
Ciudad de México,86 Años,86,Mujeres,9511
Ciudad de México,87 Años,87,Hombres,4590
Ciudad de México,87 Años,87,Mujeres,8108
Ciudad de México,88 Años,88,Hombres,3589
Ciudad de México,88 Años,88,Mujeres,6379
Ciudad de México,89 Años,89,Hombres,3360
Ciudad de México,89 Años,89,Mujeres,6163
Ciudad de México,90 Años,90,Hombres,3224
Ciudad de México,90 Años,90,Mujeres,6244
Ciudad de México,91 Años,91,Hombres,1618
Ciudad de México,91 Años,91,Mujeres,3322
Ciudad de México,92 Años,92,Hombres,1858
Ciudad de México,92 Años,92,Mujeres,4034
Ciudad de México,93 Años,93,Hombres,1447
Ciudad de México,93 Años,93,Mujeres,3167
Ciudad de México,94 Años,94,Hombres,1161
Ciudad de México,94 Años,94,Mujeres,2705
Ciudad de México,95 Años,95,Hombres,894
Ciudad de México,95 Años,95,Mujeres,2040
Ciudad de México,96 Años,96,Hombres,678
Ciudad de México,96 Años,96,Mujeres,1482
Ciudad de México,97 Años,97,Hombres,507
Ciudad de México,97 Años,97,Mujeres,1214
Ciudad de México,98 Años,98,Hombres,418
Ciudad de México,98 Años,98,Mujeres,999
Ciudad de México,99 Años,99,Hombres,228
Ciudad de México,99 Años,99,Mujeres,606
Ciudad de México,100 años y más,100,Hombres,357
Ciudad de México,100 años y más,100,Mujeres,951
Ciudad de México,No especificado,NA,Hombres,4783
Ciudad de México,No especificado,NA,Mujeres,4843
Durango,0 Años,0,Hombres,15034
Durango,0 Años,0,Mujeres,14631
Durango,1 Año,1,Hombres,16070
Durango,1 Año,1,Mujeres,15679
Durango,2 Años,2,Hombres,17485
Durango,2 Años,2,Mujeres,16894
Durango,3 Años,3,Hombres,18140
Durango,3 Años,3,Mujeres,17488
Durango,4 Años,4,Hombres,18352
Durango,4 Años,4,Mujeres,17827
Durango,5 Años,5,Hombres,18468
Durango,5 Años,5,Mujeres,17666
Durango,6 Años,6,Hombres,17595
Durango,6 Años,6,Mujeres,16936
Durango,7 Años,7,Hombres,17927
Durango,7 Años,7,Mujeres,16988
Durango,8 Años,8,Hombres,18645
Durango,8 Años,8,Mujeres,17672
Durango,9 Años,9,Hombres,17181
Durango,9 Años,9,Mujeres,16955
Durango,10 Años,10,Hombres,18755
Durango,10 Años,10,Mujeres,17883
Durango,11 Años,11,Hombres,16940
Durango,11 Años,11,Mujeres,16143
Durango,12 Años,12,Hombres,17642
Durango,12 Años,12,Mujeres,16948
Durango,13 Años,13,Hombres,16641
Durango,13 Años,13,Mujeres,16504
Durango,14 Años,14,Hombres,16786
Durango,14 Años,14,Mujeres,16029
Durango,15 Años,15,Hombres,16904
Durango,15 Años,15,Mujeres,16153
Durango,16 Años,16,Hombres,16093
Durango,16 Años,16,Mujeres,15749
Durango,17 Años,17,Hombres,16996
Durango,17 Años,17,Mujeres,16547
Durango,18 Años,18,Hombres,17820
Durango,18 Años,18,Mujeres,16722
Durango,19 Años,19,Hombres,15026
Durango,19 Años,19,Mujeres,14980
Durango,20 Años,20,Hombres,16930
Durango,20 Años,20,Mujeres,16814
Durango,21 Años,21,Hombres,14634
Durango,21 Años,21,Mujeres,14611
Durango,22 Años,22,Hombres,15986
Durango,22 Años,22,Mujeres,15543
Durango,23 Años,23,Hombres,14773
Durango,23 Años,23,Mujeres,14722
Durango,24 Años,24,Hombres,14613
Durango,24 Años,24,Mujeres,14962
Durango,25 Años,25,Hombres,15111
Durango,25 Años,25,Mujeres,15550
Durango,26 Años,26,Hombres,13529
Durango,26 Años,26,Mujeres,14479
Durango,27 Años,27,Hombres,13692
Durango,27 Años,27,Mujeres,14055
Durango,28 Años,28,Hombres,13928
Durango,28 Años,28,Mujeres,14585
Durango,29 Años,29,Hombres,12778
Durango,29 Años,29,Mujeres,13400
Durango,30 Años,30,Hombres,15585
Durango,30 Años,30,Mujeres,16182
Durango,31 Años,31,Hombres,11040
Durango,31 Años,31,Mujeres,11680
Durango,32 Años,32,Hombres,13313
Durango,32 Años,32,Mujeres,13945
Durango,33 Años,33,Hombres,11727
Durango,33 Años,33,Mujeres,12371
Durango,34 Años,34,Hombres,11567
Durango,34 Años,34,Mujeres,12116
Durango,35 Años,35,Hombres,12567
Durango,35 Años,35,Mujeres,13439
Durango,36 Años,36,Hombres,11511
Durango,36 Años,36,Mujeres,12624
Durango,37 Años,37,Hombres,10502
Durango,37 Años,37,Mujeres,11035
Durango,38 Años,38,Hombres,12381
Durango,38 Años,38,Mujeres,12731
Durango,39 Años,39,Hombres,10673
Durango,39 Años,39,Mujeres,11367
Durango,40 Años,40,Hombres,13723
Durango,40 Años,40,Mujeres,14283
Durango,41 Años,41,Hombres,8965
Durango,41 Años,41,Mujeres,9574
Durango,42 Años,42,Hombres,12862
Durango,42 Años,42,Mujeres,13278
Durango,43 Años,43,Hombres,10721
Durango,43 Años,43,Mujeres,11722
Durango,44 Años,44,Hombres,9507
Durango,44 Años,44,Mujeres,10341
Durango,45 Años,45,Hombres,12223
Durango,45 Años,45,Mujeres,12994
Durango,46 Años,46,Hombres,10061
Durango,46 Años,46,Mujeres,10694
Durango,47 Años,47,Hombres,10184
Durango,47 Años,47,Mujeres,10768
Durango,48 Años,48,Hombres,10373
Durango,48 Años,48,Mujeres,10963
Durango,49 Años,49,Hombres,9468
Durango,49 Años,49,Mujeres,10342
Durango,50 Años,50,Hombres,11617
Durango,50 Años,50,Mujeres,12618
Durango,51 Años,51,Hombres,7274
Durango,51 Años,51,Mujeres,8252
Durango,52 Años,52,Hombres,9860
Durango,52 Años,52,Mujeres,10793
Durango,53 Años,53,Hombres,8587
Durango,53 Años,53,Mujeres,9525
Durango,54 Años,54,Hombres,8642
Durango,54 Años,54,Mujeres,9841
Durango,55 Años,55,Hombres,8674
Durango,55 Años,55,Mujeres,9432
Durango,56 Años,56,Hombres,8322
Durango,56 Años,56,Mujeres,8837
Durango,57 Años,57,Hombres,6943
Durango,57 Años,57,Mujeres,7729
Durango,58 Años,58,Hombres,7238
Durango,58 Años,58,Mujeres,8283
Durango,59 Años,59,Hombres,6794
Durango,59 Años,59,Mujeres,7745
Durango,60 Años,60,Hombres,8652
Durango,60 Años,60,Mujeres,9449
Durango,61 Años,61,Hombres,4834
Durango,61 Años,61,Mujeres,5327
Durango,62 Años,62,Hombres,6515
Durango,62 Años,62,Mujeres,7291
Durango,63 Años,63,Hombres,6028
Durango,63 Años,63,Mujeres,6625
Durango,64 Años,64,Hombres,5606
Durango,64 Años,64,Mujeres,6209
Durango,65 Años,65,Hombres,6189
Durango,65 Años,65,Mujeres,6707
Durango,66 Años,66,Hombres,4390
Durango,66 Años,66,Mujeres,4933
Durango,67 Años,67,Hombres,4422
Durango,67 Años,67,Mujeres,4621
Durango,68 Años,68,Hombres,4955
Durango,68 Años,68,Mujeres,5613
Durango,69 Años,69,Hombres,3802
Durango,69 Años,69,Mujeres,4095
Durango,70 Años,70,Hombres,4748
Durango,70 Años,70,Mujeres,5008
Durango,71 Años,71,Hombres,2751
Durango,71 Años,71,Mujeres,2994
Durango,72 Años,72,Hombres,3897
Durango,72 Años,72,Mujeres,4278
Durango,73 Años,73,Hombres,3203
Durango,73 Años,73,Mujeres,3510
Durango,74 Años,74,Hombres,3159
Durango,74 Años,74,Mujeres,3408
Durango,75 Años,75,Hombres,3151
Durango,75 Años,75,Mujeres,3414
Durango,76 Años,76,Hombres,2579
Durango,76 Años,76,Mujeres,2944
Durango,77 Años,77,Hombres,2329
Durango,77 Años,77,Mujeres,2279
Durango,78 Años,78,Hombres,2572
Durango,78 Años,78,Mujeres,2508
Durango,79 Años,79,Hombres,1962
Durango,79 Años,79,Mujeres,1951
Durango,80 Años,80,Hombres,2284
Durango,80 Años,80,Mujeres,2560
Durango,81 Años,81,Hombres,1277
Durango,81 Años,81,Mujeres,1379
Durango,82 Años,82,Hombres,1628
Durango,82 Años,82,Mujeres,1790
Durango,83 Años,83,Hombres,1440
Durango,83 Años,83,Mujeres,1639
Durango,84 Años,84,Hombres,1429
Durango,84 Años,84,Mujeres,1600
Durango,85 Años,85,Hombres,1214
Durango,85 Años,85,Mujeres,1357
Durango,86 Años,86,Hombres,964
Durango,86 Años,86,Mujeres,1175
Durango,87 Años,87,Hombres,787
Durango,87 Años,87,Mujeres,905
Durango,88 Años,88,Hombres,653
Durango,88 Años,88,Mujeres,728
Durango,89 Años,89,Hombres,573
Durango,89 Años,89,Mujeres,686
Durango,90 Años,90,Hombres,533
Durango,90 Años,90,Mujeres,679
Durango,91 Años,91,Hombres,244
Durango,91 Años,91,Mujeres,307
Durango,92 Años,92,Hombres,285
Durango,92 Años,92,Mujeres,372
Durango,93 Años,93,Hombres,216
Durango,93 Años,93,Mujeres,274
Durango,94 Años,94,Hombres,163
Durango,94 Años,94,Mujeres,260
Durango,95 Años,95,Hombres,133
Durango,95 Años,95,Mujeres,205
Durango,96 Años,96,Hombres,112
Durango,96 Años,96,Mujeres,144
Durango,97 Años,97,Hombres,79
Durango,97 Años,97,Mujeres,106
Durango,98 Años,98,Hombres,54
Durango,98 Años,98,Mujeres,82
Durango,99 Años,99,Hombres,40
Durango,99 Años,99,Mujeres,57
Durango,100 años y más,100,Hombres,60
Durango,100 años y más,100,Mujeres,97
Durango,No especificado,NA,Hombres,1576
Durango,No especificado,NA,Mujeres,1599
Guanajuato,0 Años,0,Hombres,49887
Guanajuato,0 Años,0,Mujeres,48669
Guanajuato,1 Año,1,Hombres,53586
Guanajuato,1 Año,1,Mujeres,51448
Guanajuato,2 Años,2,Hombres,55746
Guanajuato,2 Años,2,Mujeres,54592
Guanajuato,3 Años,3,Hombres,55540
Guanajuato,3 Años,3,Mujeres,55198
Guanajuato,4 Años,4,Hombres,57986
Guanajuato,4 Años,4,Mujeres,56194
Guanajuato,5 Años,5,Hombres,57529
Guanajuato,5 Años,5,Mujeres,55148
Guanajuato,6 Años,6,Hombres,53524
Guanajuato,6 Años,6,Mujeres,52550
Guanajuato,7 Años,7,Hombres,55051
Guanajuato,7 Años,7,Mujeres,53971
Guanajuato,8 Años,8,Hombres,57870
Guanajuato,8 Años,8,Mujeres,55065
Guanajuato,9 Años,9,Hombres,53455
Guanajuato,9 Años,9,Mujeres,53382
Guanajuato,10 Años,10,Hombres,59523
Guanajuato,10 Años,10,Mujeres,56991
Guanajuato,11 Años,11,Hombres,53574
Guanajuato,11 Años,11,Mujeres,51694
Guanajuato,12 Años,12,Hombres,56757
Guanajuato,12 Años,12,Mujeres,55130
Guanajuato,13 Años,13,Hombres,54478
Guanajuato,13 Años,13,Mujeres,53282
Guanajuato,14 Años,14,Hombres,54344
Guanajuato,14 Años,14,Mujeres,53528
Guanajuato,15 Años,15,Hombres,56594
Guanajuato,15 Años,15,Mujeres,55275
Guanajuato,16 Años,16,Hombres,53350
Guanajuato,16 Años,16,Mujeres,52208
Guanajuato,17 Años,17,Hombres,56882
Guanajuato,17 Años,17,Mujeres,55942
Guanajuato,18 Años,18,Hombres,59562
Guanajuato,18 Años,18,Mujeres,58433
Guanajuato,19 Años,19,Hombres,51589
Guanajuato,19 Años,19,Mujeres,52257
Guanajuato,20 Años,20,Hombres,59544
Guanajuato,20 Años,20,Mujeres,61190
Guanajuato,21 Años,21,Hombres,49476
Guanajuato,21 Años,21,Mujeres,49685
Guanajuato,22 Años,22,Hombres,55564
Guanajuato,22 Años,22,Mujeres,56664
Guanajuato,23 Años,23,Hombres,52011
Guanajuato,23 Años,23,Mujeres,53010
Guanajuato,24 Años,24,Hombres,50553
Guanajuato,24 Años,24,Mujeres,52890
Guanajuato,25 Años,25,Hombres,53701
Guanajuato,25 Años,25,Mujeres,57292
Guanajuato,26 Años,26,Hombres,47835
Guanajuato,26 Años,26,Mujeres,52079
Guanajuato,27 Años,27,Hombres,47554
Guanajuato,27 Años,27,Mujeres,50642
Guanajuato,28 Años,28,Hombres,49896
Guanajuato,28 Años,28,Mujeres,52793
Guanajuato,29 Años,29,Hombres,43040
Guanajuato,29 Años,29,Mujeres,47036
Guanajuato,30 Años,30,Hombres,55313
Guanajuato,30 Años,30,Mujeres,61432
Guanajuato,31 Años,31,Hombres,35142
Guanajuato,31 Años,31,Mujeres,39490
Guanajuato,32 Años,32,Hombres,46725
Guanajuato,32 Años,32,Mujeres,52169
Guanajuato,33 Años,33,Hombres,40910
Guanajuato,33 Años,33,Mujeres,45869
Guanajuato,34 Años,34,Hombres,40273
Guanajuato,34 Años,34,Mujeres,45009
Guanajuato,35 Años,35,Hombres,47507
Guanajuato,35 Años,35,Mujeres,52175
Guanajuato,36 Años,36,Hombres,41930
Guanajuato,36 Años,36,Mujeres,47065
Guanajuato,37 Años,37,Hombres,36332
Guanajuato,37 Años,37,Mujeres,40335
Guanajuato,38 Años,38,Hombres,45283
Guanajuato,38 Años,38,Mujeres,48989
Guanajuato,39 Años,39,Hombres,37226
Guanajuato,39 Años,39,Mujeres,42203
Guanajuato,40 Años,40,Hombres,51079
Guanajuato,40 Años,40,Mujeres,56812
Guanajuato,41 Años,41,Hombres,29545
Guanajuato,41 Años,41,Mujeres,33137
Guanajuato,42 Años,42,Hombres,44397
Guanajuato,42 Años,42,Mujeres,48188
Guanajuato,43 Años,43,Hombres,36047
Guanajuato,43 Años,43,Mujeres,40795
Guanajuato,44 Años,44,Hombres,31481
Guanajuato,44 Años,44,Mujeres,35749
Guanajuato,45 Años,45,Hombres,43724
Guanajuato,45 Años,45,Mujeres,46914
Guanajuato,46 Años,46,Hombres,32865
Guanajuato,46 Años,46,Mujeres,36511
Guanajuato,47 Años,47,Hombres,32699
Guanajuato,47 Años,47,Mujeres,35681
Guanajuato,48 Años,48,Hombres,34500
Guanajuato,48 Años,48,Mujeres,38230
Guanajuato,49 Años,49,Hombres,30631
Guanajuato,49 Años,49,Mujeres,33905
Guanajuato,50 Años,50,Hombres,40430
Guanajuato,50 Años,50,Mujeres,45593
Guanajuato,51 Años,51,Hombres,23068
Guanajuato,51 Años,51,Mujeres,26250
Guanajuato,52 Años,52,Hombres,31878
Guanajuato,52 Años,52,Mujeres,35812
Guanajuato,53 Años,53,Hombres,26646
Guanajuato,53 Años,53,Mujeres,30841
Guanajuato,54 Años,54,Hombres,26288
Guanajuato,54 Años,54,Mujeres,31391
Guanajuato,55 Años,55,Hombres,28008
Guanajuato,55 Años,55,Mujeres,32229
Guanajuato,56 Años,56,Hombres,25612
Guanajuato,56 Años,56,Mujeres,28942
Guanajuato,57 Años,57,Hombres,20195
Guanajuato,57 Años,57,Mujeres,23547
Guanajuato,58 Años,58,Hombres,22535
Guanajuato,58 Años,58,Mujeres,25950
Guanajuato,59 Años,59,Hombres,20584
Guanajuato,59 Años,59,Mujeres,23206
Guanajuato,60 Años,60,Hombres,28669
Guanajuato,60 Años,60,Mujeres,32802
Guanajuato,61 Años,61,Hombres,14602
Guanajuato,61 Años,61,Mujeres,17098
Guanajuato,62 Años,62,Hombres,20026
Guanajuato,62 Años,62,Mujeres,23072
Guanajuato,63 Años,63,Hombres,19316
Guanajuato,63 Años,63,Mujeres,22203
Guanajuato,64 Años,64,Hombres,16870
Guanajuato,64 Años,64,Mujeres,19748
Guanajuato,65 Años,65,Hombres,21155
Guanajuato,65 Años,65,Mujeres,23596
Guanajuato,66 Años,66,Hombres,14156
Guanajuato,66 Años,66,Mujeres,16119
Guanajuato,67 Años,67,Hombres,13807
Guanajuato,67 Años,67,Mujeres,15159
Guanajuato,68 Años,68,Hombres,15764
Guanajuato,68 Años,68,Mujeres,18451
Guanajuato,69 Años,69,Hombres,11016
Guanajuato,69 Años,69,Mujeres,12542
Guanajuato,70 Años,70,Hombres,15272
Guanajuato,70 Años,70,Mujeres,17310
Guanajuato,71 Años,71,Hombres,8420
Guanajuato,71 Años,71,Mujeres,9312
Guanajuato,72 Años,72,Hombres,12076
Guanajuato,72 Años,72,Mujeres,13545
Guanajuato,73 Años,73,Hombres,10021
Guanajuato,73 Años,73,Mujeres,11688
Guanajuato,74 Años,74,Hombres,9604
Guanajuato,74 Años,74,Mujeres,11037
Guanajuato,75 Años,75,Hombres,10047
Guanajuato,75 Años,75,Mujeres,11251
Guanajuato,76 Años,76,Hombres,8078
Guanajuato,76 Años,76,Mujeres,9330
Guanajuato,77 Años,77,Hombres,6619
Guanajuato,77 Años,77,Mujeres,7214
Guanajuato,78 Años,78,Hombres,7730
Guanajuato,78 Años,78,Mujeres,8545
Guanajuato,79 Años,79,Hombres,5768
Guanajuato,79 Años,79,Mujeres,6528
Guanajuato,80 Años,80,Hombres,7413
Guanajuato,80 Años,80,Mujeres,8974
Guanajuato,81 Años,81,Hombres,3686
Guanajuato,81 Años,81,Mujeres,4276
Guanajuato,82 Años,82,Hombres,4831
Guanajuato,82 Años,82,Mujeres,5851
Guanajuato,83 Años,83,Hombres,4321
Guanajuato,83 Años,83,Mujeres,5634
Guanajuato,84 Años,84,Hombres,4204
Guanajuato,84 Años,84,Mujeres,5176
Guanajuato,85 Años,85,Hombres,4066
Guanajuato,85 Años,85,Mujeres,5105
Guanajuato,86 Años,86,Hombres,3218
Guanajuato,86 Años,86,Mujeres,4005
Guanajuato,87 Años,87,Hombres,2635
Guanajuato,87 Años,87,Mujeres,3292
Guanajuato,88 Años,88,Hombres,2228
Guanajuato,88 Años,88,Mujeres,2714
Guanajuato,89 Años,89,Hombres,1942
Guanajuato,89 Años,89,Mujeres,2542
Guanajuato,90 Años,90,Hombres,2084
Guanajuato,90 Años,90,Mujeres,2873
Guanajuato,91 Años,91,Hombres,905
Guanajuato,91 Años,91,Mujeres,1229
Guanajuato,92 Años,92,Hombres,1136
Guanajuato,92 Años,92,Mujeres,1573
Guanajuato,93 Años,93,Hombres,872
Guanajuato,93 Años,93,Mujeres,1303
Guanajuato,94 Años,94,Hombres,818
Guanajuato,94 Años,94,Mujeres,1210
Guanajuato,95 Años,95,Hombres,664
Guanajuato,95 Años,95,Mujeres,921
Guanajuato,96 Años,96,Hombres,454
Guanajuato,96 Años,96,Mujeres,753
Guanajuato,97 Años,97,Hombres,360
Guanajuato,97 Años,97,Mujeres,557
Guanajuato,98 Años,98,Hombres,329
Guanajuato,98 Años,98,Mujeres,466
Guanajuato,99 Años,99,Hombres,185
Guanajuato,99 Años,99,Mujeres,320
Guanajuato,100 años y más,100,Hombres,227
Guanajuato,100 años y más,100,Mujeres,456
Guanajuato,No especificado,NA,Hombres,6006
Guanajuato,No especificado,NA,Mujeres,6043
Guerrero,0 Años,0,Hombres,34013
Guerrero,0 Años,0,Mujeres,33436
Guerrero,1 Año,1,Hombres,32404
Guerrero,1 Año,1,Mujeres,31525
Guerrero,2 Años,2,Hombres,33544
Guerrero,2 Años,2,Mujeres,32584
Guerrero,3 Años,3,Hombres,34077
Guerrero,3 Años,3,Mujeres,33928
Guerrero,4 Años,4,Hombres,35294
Guerrero,4 Años,4,Mujeres,34653
Guerrero,5 Años,5,Hombres,35492
Guerrero,5 Años,5,Mujeres,34436
Guerrero,6 Años,6,Hombres,33443
Guerrero,6 Años,6,Mujeres,33457
Guerrero,7 Años,7,Hombres,35818
Guerrero,7 Años,7,Mujeres,35154
Guerrero,8 Años,8,Hombres,37282
Guerrero,8 Años,8,Mujeres,36093
Guerrero,9 Años,9,Hombres,35128
Guerrero,9 Años,9,Mujeres,34707
Guerrero,10 Años,10,Hombres,37845
Guerrero,10 Años,10,Mujeres,35808
Guerrero,11 Años,11,Hombres,33993
Guerrero,11 Años,11,Mujeres,33412
Guerrero,12 Años,12,Hombres,36069
Guerrero,12 Años,12,Mujeres,34615
Guerrero,13 Años,13,Hombres,33778
Guerrero,13 Años,13,Mujeres,33888
Guerrero,14 Años,14,Hombres,34548
Guerrero,14 Años,14,Mujeres,34537
Guerrero,15 Años,15,Hombres,34913
Guerrero,15 Años,15,Mujeres,35031
Guerrero,16 Años,16,Hombres,32286
Guerrero,16 Años,16,Mujeres,32474
Guerrero,17 Años,17,Hombres,34457
Guerrero,17 Años,17,Mujeres,33721
Guerrero,18 Años,18,Hombres,33909
Guerrero,18 Años,18,Mujeres,33637
Guerrero,19 Años,19,Hombres,27055
Guerrero,19 Años,19,Mujeres,29057
Guerrero,20 Años,20,Hombres,30502
Guerrero,20 Años,20,Mujeres,33177
Guerrero,21 Años,21,Hombres,23841
Guerrero,21 Años,21,Mujeres,26366
Guerrero,22 Años,22,Hombres,27107
Guerrero,22 Años,22,Mujeres,29983
Guerrero,23 Años,23,Hombres,26495
Guerrero,23 Años,23,Mujeres,29513
Guerrero,24 Años,24,Hombres,25745
Guerrero,24 Años,24,Mujeres,29238
Guerrero,25 Años,25,Hombres,26418
Guerrero,25 Años,25,Mujeres,30708
Guerrero,26 Años,26,Hombres,23169
Guerrero,26 Años,26,Mujeres,27487
Guerrero,27 Años,27,Hombres,23358
Guerrero,27 Años,27,Mujeres,26518
Guerrero,28 Años,28,Hombres,24048
Guerrero,28 Años,28,Mujeres,27608
Guerrero,29 Años,29,Hombres,21359
Guerrero,29 Años,29,Mujeres,25518
Guerrero,30 Años,30,Hombres,28706
Guerrero,30 Años,30,Mujeres,32687
Guerrero,31 Años,31,Hombres,17032
Guerrero,31 Años,31,Mujeres,20991
Guerrero,32 Años,32,Hombres,23111
Guerrero,32 Años,32,Mujeres,27128
Guerrero,33 Años,33,Hombres,20257
Guerrero,33 Años,33,Mujeres,24102
Guerrero,34 Años,34,Hombres,20538
Guerrero,34 Años,34,Mujeres,23424
Guerrero,35 Años,35,Hombres,22832
Guerrero,35 Años,35,Mujeres,26048
Guerrero,36 Años,36,Hombres,20454
Guerrero,36 Años,36,Mujeres,24299
Guerrero,37 Años,37,Hombres,18377
Guerrero,37 Años,37,Mujeres,21122
Guerrero,38 Años,38,Hombres,22526
Guerrero,38 Años,38,Mujeres,25698
Guerrero,39 Años,39,Hombres,18800
Guerrero,39 Años,39,Mujeres,22001
Guerrero,40 Años,40,Hombres,26090
Guerrero,40 Años,40,Mujeres,29077
Guerrero,41 Años,41,Hombres,14331
Guerrero,41 Años,41,Mujeres,16511
Guerrero,42 Años,42,Hombres,22251
Guerrero,42 Años,42,Mujeres,24921
Guerrero,43 Años,43,Hombres,18304
Guerrero,43 Años,43,Mujeres,21479
Guerrero,44 Años,44,Hombres,16666
Guerrero,44 Años,44,Mujeres,19490
Guerrero,45 Años,45,Hombres,21863
Guerrero,45 Años,45,Mujeres,23906
Guerrero,46 Años,46,Hombres,16458
Guerrero,46 Años,46,Mujeres,18880
Guerrero,47 Años,47,Hombres,16827
Guerrero,47 Años,47,Mujeres,18513
Guerrero,48 Años,48,Hombres,18265
Guerrero,48 Años,48,Mujeres,21179
Guerrero,49 Años,49,Hombres,16158
Guerrero,49 Años,49,Mujeres,18729
Guerrero,50 Años,50,Hombres,21917
Guerrero,50 Años,50,Mujeres,24465
Guerrero,51 Años,51,Hombres,11819
Guerrero,51 Años,51,Mujeres,13804
Guerrero,52 Años,52,Hombres,16864
Guerrero,52 Años,52,Mujeres,19460
Guerrero,53 Años,53,Hombres,14635
Guerrero,53 Años,53,Mujeres,17405
Guerrero,54 Años,54,Hombres,15158
Guerrero,54 Años,54,Mujeres,18545
Guerrero,55 Años,55,Hombres,16175
Guerrero,55 Años,55,Mujeres,18326
Guerrero,56 Años,56,Hombres,14873
Guerrero,56 Años,56,Mujeres,16761
Guerrero,57 Años,57,Hombres,12038
Guerrero,57 Años,57,Mujeres,13985
Guerrero,58 Años,58,Hombres,13747
Guerrero,58 Años,58,Mujeres,16064
Guerrero,59 Años,59,Hombres,12431
Guerrero,59 Años,59,Mujeres,14572
Guerrero,60 Años,60,Hombres,17329
Guerrero,60 Años,60,Mujeres,19382
Guerrero,61 Años,61,Hombres,8551
Guerrero,61 Años,61,Mujeres,10085
Guerrero,62 Años,62,Hombres,11425
Guerrero,62 Años,62,Mujeres,12795
Guerrero,63 Años,63,Hombres,10967
Guerrero,63 Años,63,Mujeres,12743
Guerrero,64 Años,64,Hombres,11023
Guerrero,64 Años,64,Mujeres,12465
Guerrero,65 Años,65,Hombres,12941
Guerrero,65 Años,65,Mujeres,14821
Guerrero,66 Años,66,Hombres,8966
Guerrero,66 Años,66,Mujeres,10076
Guerrero,67 Años,67,Hombres,9095
Guerrero,67 Años,67,Mujeres,10126
Guerrero,68 Años,68,Hombres,10504
Guerrero,68 Años,68,Mujeres,12002
Guerrero,69 Años,69,Hombres,7165
Guerrero,69 Años,69,Mujeres,8500
Guerrero,70 Años,70,Hombres,10907
Guerrero,70 Años,70,Mujeres,12374
Guerrero,71 Años,71,Hombres,5231
Guerrero,71 Años,71,Mujeres,5578
Guerrero,72 Años,72,Hombres,7903
Guerrero,72 Años,72,Mujeres,8474
Guerrero,73 Años,73,Hombres,6364
Guerrero,73 Años,73,Mujeres,7116
Guerrero,74 Años,74,Hombres,6241
Guerrero,74 Años,74,Mujeres,7256
Guerrero,75 Años,75,Hombres,7109
Guerrero,75 Años,75,Mujeres,7962
Guerrero,76 Años,76,Hombres,5539
Guerrero,76 Años,76,Mujeres,6099
Guerrero,77 Años,77,Hombres,4891
Guerrero,77 Años,77,Mujeres,5378
Guerrero,78 Años,78,Hombres,5832
Guerrero,78 Años,78,Mujeres,6491
Guerrero,79 Años,79,Hombres,4101
Guerrero,79 Años,79,Mujeres,4669
Guerrero,80 Años,80,Hombres,5779
Guerrero,80 Años,80,Mujeres,7015
Guerrero,81 Años,81,Hombres,2438
Guerrero,81 Años,81,Mujeres,2793
Guerrero,82 Años,82,Hombres,3340
Guerrero,82 Años,82,Mujeres,3924
Guerrero,83 Años,83,Hombres,3141
Guerrero,83 Años,83,Mujeres,3596
Guerrero,84 Años,84,Hombres,3199
Guerrero,84 Años,84,Mujeres,3985
Guerrero,85 Años,85,Hombres,3150
Guerrero,85 Años,85,Mujeres,3988
Guerrero,86 Años,86,Hombres,2290
Guerrero,86 Años,86,Mujeres,2747
Guerrero,87 Años,87,Hombres,1918
Guerrero,87 Años,87,Mujeres,2453
Guerrero,88 Años,88,Hombres,1590
Guerrero,88 Años,88,Mujeres,2051
Guerrero,89 Años,89,Hombres,1428
Guerrero,89 Años,89,Mujeres,1917
Guerrero,90 Años,90,Hombres,1724
Guerrero,90 Años,90,Mujeres,2268
Guerrero,91 Años,91,Hombres,530
Guerrero,91 Años,91,Mujeres,626
Guerrero,92 Años,92,Hombres,664
Guerrero,92 Años,92,Mujeres,867
Guerrero,93 Años,93,Hombres,573
Guerrero,93 Años,93,Mujeres,697
Guerrero,94 Años,94,Hombres,548
Guerrero,94 Años,94,Mujeres,690
Guerrero,95 Años,95,Hombres,462
Guerrero,95 Años,95,Mujeres,683
Guerrero,96 Años,96,Hombres,355
Guerrero,96 Años,96,Mujeres,529
Guerrero,97 Años,97,Hombres,257
Guerrero,97 Años,97,Mujeres,345
Guerrero,98 Años,98,Hombres,339
Guerrero,98 Años,98,Mujeres,418
Guerrero,99 Años,99,Hombres,244
Guerrero,99 Años,99,Mujeres,318
Guerrero,100 años y más,100,Hombres,470
Guerrero,100 años y más,100,Mujeres,709
Guerrero,No especificado,NA,Hombres,7196
Guerrero,No especificado,NA,Mujeres,7221
Hidalgo,0 Años,0,Hombres,20710
Hidalgo,0 Años,0,Mujeres,20596
Hidalgo,1 Año,1,Hombres,22957
Hidalgo,1 Año,1,Mujeres,22052
Hidalgo,2 Años,2,Hombres,24301
Hidalgo,2 Años,2,Mujeres,24122
Hidalgo,3 Años,3,Hombres,25629
Hidalgo,3 Años,3,Mujeres,25327
Hidalgo,4 Años,4,Hombres,26717
Hidalgo,4 Años,4,Mujeres,25778
Hidalgo,5 Años,5,Hombres,26808
Hidalgo,5 Años,5,Mujeres,26227
Hidalgo,6 Años,6,Hombres,25832
Hidalgo,6 Años,6,Mujeres,25561
Hidalgo,7 Años,7,Hombres,27084
Hidalgo,7 Años,7,Mujeres,26774
Hidalgo,8 Años,8,Hombres,28931
Hidalgo,8 Años,8,Mujeres,27881
Hidalgo,9 Años,9,Hombres,27372
Hidalgo,9 Años,9,Mujeres,27083
Hidalgo,10 Años,10,Hombres,29933
Hidalgo,10 Años,10,Mujeres,28970
Hidalgo,11 Años,11,Hombres,27654
Hidalgo,11 Años,11,Mujeres,26936
Hidalgo,12 Años,12,Hombres,29721
Hidalgo,12 Años,12,Mujeres,28772
Hidalgo,13 Años,13,Hombres,28257
Hidalgo,13 Años,13,Mujeres,27534
Hidalgo,14 Años,14,Hombres,27927
Hidalgo,14 Años,14,Mujeres,27972
Hidalgo,15 Años,15,Hombres,28889
Hidalgo,15 Años,15,Mujeres,27894
Hidalgo,16 Años,16,Hombres,27207
Hidalgo,16 Años,16,Mujeres,26759
Hidalgo,17 Años,17,Hombres,28754
Hidalgo,17 Años,17,Mujeres,27954
Hidalgo,18 Años,18,Hombres,28671
Hidalgo,18 Años,18,Mujeres,27985
Hidalgo,19 Años,19,Hombres,23905
Hidalgo,19 Años,19,Mujeres,24488
Hidalgo,20 Años,20,Hombres,26382
Hidalgo,20 Años,20,Mujeres,27009
Hidalgo,21 Años,21,Hombres,21707
Hidalgo,21 Años,21,Mujeres,22268
Hidalgo,22 Años,22,Hombres,23429
Hidalgo,22 Años,22,Mujeres,24661
Hidalgo,23 Años,23,Hombres,22347
Hidalgo,23 Años,23,Mujeres,23564
Hidalgo,24 Años,24,Hombres,22376
Hidalgo,24 Años,24,Mujeres,24444
Hidalgo,25 Años,25,Hombres,23650
Hidalgo,25 Años,25,Mujeres,26232
Hidalgo,26 Años,26,Hombres,21580
Hidalgo,26 Años,26,Mujeres,24354
Hidalgo,27 Años,27,Hombres,21415
Hidalgo,27 Años,27,Mujeres,24117
Hidalgo,28 Años,28,Hombres,21874
Hidalgo,28 Años,28,Mujeres,24771
Hidalgo,29 Años,29,Hombres,19819
Hidalgo,29 Años,29,Mujeres,23312
Hidalgo,30 Años,30,Hombres,24919
Hidalgo,30 Años,30,Mujeres,29096
Hidalgo,31 Años,31,Hombres,16802
Hidalgo,31 Años,31,Mujeres,20004
Hidalgo,32 Años,32,Hombres,21591
Hidalgo,32 Años,32,Mujeres,25688
Hidalgo,33 Años,33,Hombres,19935
Hidalgo,33 Años,33,Mujeres,23864
Hidalgo,34 Años,34,Hombres,19459
Hidalgo,34 Años,34,Mujeres,22868
Hidalgo,35 Años,35,Hombres,21899
Hidalgo,35 Años,35,Mujeres,25724
Hidalgo,36 Años,36,Hombres,20383
Hidalgo,36 Años,36,Mujeres,24239
Hidalgo,37 Años,37,Hombres,18651
Hidalgo,37 Años,37,Mujeres,21858
Hidalgo,38 Años,38,Hombres,22132
Hidalgo,38 Años,38,Mujeres,25627
Hidalgo,39 Años,39,Hombres,18770
Hidalgo,39 Años,39,Mujeres,22127
Hidalgo,40 Años,40,Hombres,24829
Hidalgo,40 Años,40,Mujeres,28602
Hidalgo,41 Años,41,Hombres,15144
Hidalgo,41 Años,41,Mujeres,17626
Hidalgo,42 Años,42,Hombres,22385
Hidalgo,42 Años,42,Mujeres,25635
Hidalgo,43 Años,43,Hombres,18558
Hidalgo,43 Años,43,Mujeres,21882
Hidalgo,44 Años,44,Hombres,16809
Hidalgo,44 Años,44,Mujeres,19578
Hidalgo,45 Años,45,Hombres,21364
Hidalgo,45 Años,45,Mujeres,23630
Hidalgo,46 Años,46,Hombres,17490
Hidalgo,46 Años,46,Mujeres,20129
Hidalgo,47 Años,47,Hombres,17349
Hidalgo,47 Años,47,Mujeres,19632
Hidalgo,48 Años,48,Hombres,18271
Hidalgo,48 Años,48,Mujeres,20948
Hidalgo,49 Años,49,Hombres,16719
Hidalgo,49 Años,49,Mujeres,19035
Hidalgo,50 Años,50,Hombres,20590
Hidalgo,50 Años,50,Mujeres,23455
Hidalgo,51 Años,51,Hombres,12407
Hidalgo,51 Años,51,Mujeres,14400
Hidalgo,52 Años,52,Hombres,17250
Hidalgo,52 Años,52,Mujeres,19173
Hidalgo,53 Años,53,Hombres,14887
Hidalgo,53 Años,53,Mujeres,16968
Hidalgo,54 Años,54,Hombres,14801
Hidalgo,54 Años,54,Mujeres,17748
Hidalgo,55 Años,55,Hombres,14754
Hidalgo,55 Años,55,Mujeres,17234
Hidalgo,56 Años,56,Hombres,14279
Hidalgo,56 Años,56,Mujeres,16060
Hidalgo,57 Años,57,Hombres,11482
Hidalgo,57 Años,57,Mujeres,13249
Hidalgo,58 Años,58,Hombres,12750
Hidalgo,58 Años,58,Mujeres,14562
Hidalgo,59 Años,59,Hombres,11979
Hidalgo,59 Años,59,Mujeres,13446
Hidalgo,60 Años,60,Hombres,14746
Hidalgo,60 Años,60,Mujeres,17030
Hidalgo,61 Años,61,Hombres,8519
Hidalgo,61 Años,61,Mujeres,9776
Hidalgo,62 Años,62,Hombres,11178
Hidalgo,62 Años,62,Mujeres,12561
Hidalgo,63 Años,63,Hombres,10967
Hidalgo,63 Años,63,Mujeres,12046
Hidalgo,64 Años,64,Hombres,10303
Hidalgo,64 Años,64,Mujeres,11803
Hidalgo,65 Años,65,Hombres,11903
Hidalgo,65 Años,65,Mujeres,13500
Hidalgo,66 Años,66,Hombres,8437
Hidalgo,66 Años,66,Mujeres,9342
Hidalgo,67 Años,67,Hombres,8534
Hidalgo,67 Años,67,Mujeres,8988
Hidalgo,68 Años,68,Hombres,8631
Hidalgo,68 Años,68,Mujeres,9691
Hidalgo,69 Años,69,Hombres,6612
Hidalgo,69 Años,69,Mujeres,7373
Hidalgo,70 Años,70,Hombres,8514
Hidalgo,70 Años,70,Mujeres,9595
Hidalgo,71 Años,71,Hombres,4833
Hidalgo,71 Años,71,Mujeres,5197
Hidalgo,72 Años,72,Hombres,6917
Hidalgo,72 Años,72,Mujeres,7390
Hidalgo,73 Años,73,Hombres,5592
Hidalgo,73 Años,73,Mujeres,6342
Hidalgo,74 Años,74,Hombres,5541
Hidalgo,74 Años,74,Mujeres,6258
Hidalgo,75 Años,75,Hombres,5717
Hidalgo,75 Años,75,Mujeres,6390
Hidalgo,76 Años,76,Hombres,4744
Hidalgo,76 Años,76,Mujeres,5164
Hidalgo,77 Años,77,Hombres,4090
Hidalgo,77 Años,77,Mujeres,4185
Hidalgo,78 Años,78,Hombres,4684
Hidalgo,78 Años,78,Mujeres,4957
Hidalgo,79 Años,79,Hombres,3421
Hidalgo,79 Años,79,Mujeres,3911
Hidalgo,80 Años,80,Hombres,4075
Hidalgo,80 Años,80,Mujeres,5057
Hidalgo,81 Años,81,Hombres,2081
Hidalgo,81 Años,81,Mujeres,2238
Hidalgo,82 Años,82,Hombres,2582
Hidalgo,82 Años,82,Mujeres,3087
Hidalgo,83 Años,83,Hombres,2452
Hidalgo,83 Años,83,Mujeres,2980
Hidalgo,84 Años,84,Hombres,2344
Hidalgo,84 Años,84,Mujeres,3101
Hidalgo,85 Años,85,Hombres,2214
Hidalgo,85 Años,85,Mujeres,2698
Hidalgo,86 Años,86,Hombres,1711
Hidalgo,86 Años,86,Mujeres,2227
Hidalgo,87 Años,87,Hombres,1539
Hidalgo,87 Años,87,Mujeres,1857
Hidalgo,88 Años,88,Hombres,1224
Hidalgo,88 Años,88,Mujeres,1476
Hidalgo,89 Años,89,Hombres,1025
Hidalgo,89 Años,89,Mujeres,1450
Hidalgo,90 Años,90,Hombres,1029
Hidalgo,90 Años,90,Mujeres,1636
Hidalgo,91 Años,91,Hombres,472
Hidalgo,91 Años,91,Mujeres,641
Hidalgo,92 Años,92,Hombres,525
Hidalgo,92 Años,92,Mujeres,770
Hidalgo,93 Años,93,Hombres,474
Hidalgo,93 Años,93,Mujeres,658
Hidalgo,94 Años,94,Hombres,378
Hidalgo,94 Años,94,Mujeres,630
Hidalgo,95 Años,95,Hombres,361
Hidalgo,95 Años,95,Mujeres,576
Hidalgo,96 Años,96,Hombres,274
Hidalgo,96 Años,96,Mujeres,426
Hidalgo,97 Años,97,Hombres,165
Hidalgo,97 Años,97,Mujeres,328
Hidalgo,98 Años,98,Hombres,189
Hidalgo,98 Años,98,Mujeres,324
Hidalgo,99 Años,99,Hombres,126
Hidalgo,99 Años,99,Mujeres,251
Hidalgo,100 años y más,100,Hombres,192
Hidalgo,100 años y más,100,Mujeres,450
Hidalgo,No especificado,NA,Hombres,1588
Hidalgo,No especificado,NA,Mujeres,1618
Jalisco,0 Años,0,Hombres,60004
Jalisco,0 Años,0,Mujeres,58933
Jalisco,1 Año,1,Hombres,64230
Jalisco,1 Año,1,Mujeres,62712
Jalisco,2 Años,2,Hombres,69839
Jalisco,2 Años,2,Mujeres,68427
Jalisco,3 Años,3,Hombres,71544
Jalisco,3 Años,3,Mujeres,70236
Jalisco,4 Años,4,Hombres,73505
Jalisco,4 Años,4,Mujeres,71553
Jalisco,5 Años,5,Hombres,73056
Jalisco,5 Años,5,Mujeres,72033
Jalisco,6 Años,6,Hombres,71343
Jalisco,6 Años,6,Mujeres,69344
Jalisco,7 Años,7,Hombres,72545
Jalisco,7 Años,7,Mujeres,70110
Jalisco,8 Años,8,Hombres,75844
Jalisco,8 Años,8,Mujeres,72787
Jalisco,9 Años,9,Hombres,71123
Jalisco,9 Años,9,Mujeres,69915
Jalisco,10 Años,10,Hombres,76917
Jalisco,10 Años,10,Mujeres,73998
Jalisco,11 Años,11,Hombres,69379
Jalisco,11 Años,11,Mujeres,67033
Jalisco,12 Años,12,Hombres,74938
Jalisco,12 Años,12,Mujeres,71551
Jalisco,13 Años,13,Hombres,71244
Jalisco,13 Años,13,Mujeres,68758
Jalisco,14 Años,14,Hombres,71542
Jalisco,14 Años,14,Mujeres,69546
Jalisco,15 Años,15,Hombres,73272
Jalisco,15 Años,15,Mujeres,70969
Jalisco,16 Años,16,Hombres,69960
Jalisco,16 Años,16,Mujeres,68350
Jalisco,17 Años,17,Hombres,73064
Jalisco,17 Años,17,Mujeres,71541
Jalisco,18 Años,18,Hombres,78197
Jalisco,18 Años,18,Mujeres,75023
Jalisco,19 Años,19,Hombres,68303
Jalisco,19 Años,19,Mujeres,67580
Jalisco,20 Años,20,Hombres,76882
Jalisco,20 Años,20,Mujeres,77221
Jalisco,21 Años,21,Hombres,67332
Jalisco,21 Años,21,Mujeres,66824
Jalisco,22 Años,22,Hombres,72418
Jalisco,22 Años,22,Mujeres,72050
Jalisco,23 Años,23,Hombres,68126
Jalisco,23 Años,23,Mujeres,68184
Jalisco,24 Años,24,Hombres,67224
Jalisco,24 Años,24,Mujeres,68098
Jalisco,25 Años,25,Hombres,72328
Jalisco,25 Años,25,Mujeres,73477
Jalisco,26 Años,26,Hombres,65059
Jalisco,26 Años,26,Mujeres,67026
Jalisco,27 Años,27,Hombres,64805
Jalisco,27 Años,27,Mujeres,66123
Jalisco,28 Años,28,Hombres,68444
Jalisco,28 Años,28,Mujeres,68231
Jalisco,29 Años,29,Hombres,60434
Jalisco,29 Años,29,Mujeres,62407
Jalisco,30 Años,30,Hombres,77061
Jalisco,30 Años,30,Mujeres,79039
Jalisco,31 Años,31,Hombres,51817
Jalisco,31 Años,31,Mujeres,55127
Jalisco,32 Años,32,Hombres,66428
Jalisco,32 Años,32,Mujeres,69270
Jalisco,33 Años,33,Hombres,59466
Jalisco,33 Años,33,Mujeres,62414
Jalisco,34 Años,34,Hombres,58145
Jalisco,34 Años,34,Mujeres,60239
Jalisco,35 Años,35,Hombres,67241
Jalisco,35 Años,35,Mujeres,69312
Jalisco,36 Años,36,Hombres,59622
Jalisco,36 Años,36,Mujeres,63248
Jalisco,37 Años,37,Hombres,52360
Jalisco,37 Años,37,Mujeres,54271
Jalisco,38 Años,38,Hombres,62825
Jalisco,38 Años,38,Mujeres,64211
Jalisco,39 Años,39,Hombres,53288
Jalisco,39 Años,39,Mujeres,56525
Jalisco,40 Años,40,Hombres,67062
Jalisco,40 Años,40,Mujeres,71844
Jalisco,41 Años,41,Hombres,43739
Jalisco,41 Años,41,Mujeres,46501
Jalisco,42 Años,42,Hombres,61698
Jalisco,42 Años,42,Mujeres,63377
Jalisco,43 Años,43,Hombres,49644
Jalisco,43 Años,43,Mujeres,53963
Jalisco,44 Años,44,Hombres,44167
Jalisco,44 Años,44,Mujeres,47864
Jalisco,45 Años,45,Hombres,59381
Jalisco,45 Años,45,Mujeres,61942
Jalisco,46 Años,46,Hombres,47409
Jalisco,46 Años,46,Mujeres,50499
Jalisco,47 Años,47,Hombres,47635
Jalisco,47 Años,47,Mujeres,50366
Jalisco,48 Años,48,Hombres,49278
Jalisco,48 Años,48,Mujeres,52238
Jalisco,49 Años,49,Hombres,44563
Jalisco,49 Años,49,Mujeres,48226
Jalisco,50 Años,50,Hombres,56058
Jalisco,50 Años,50,Mujeres,61217
Jalisco,51 Años,51,Hombres,33687
Jalisco,51 Años,51,Mujeres,37887
Jalisco,52 Años,52,Hombres,45261
Jalisco,52 Años,52,Mujeres,49708
Jalisco,53 Años,53,Hombres,37831
Jalisco,53 Años,53,Mujeres,42423
Jalisco,54 Años,54,Hombres,37230
Jalisco,54 Años,54,Mujeres,43387
Jalisco,55 Años,55,Hombres,38603
Jalisco,55 Años,55,Mujeres,44053
Jalisco,56 Años,56,Hombres,36889
Jalisco,56 Años,56,Mujeres,40419
Jalisco,57 Años,57,Hombres,30036
Jalisco,57 Años,57,Mujeres,34204
Jalisco,58 Años,58,Hombres,32119
Jalisco,58 Años,58,Mujeres,36860
Jalisco,59 Años,59,Hombres,29888
Jalisco,59 Años,59,Mujeres,34009
Jalisco,60 Años,60,Hombres,39083
Jalisco,60 Años,60,Mujeres,45292
Jalisco,61 Años,61,Hombres,22693
Jalisco,61 Años,61,Mujeres,26877
Jalisco,62 Años,62,Hombres,30164
Jalisco,62 Años,62,Mujeres,34442
Jalisco,63 Años,63,Hombres,27925
Jalisco,63 Años,63,Mujeres,32302
Jalisco,64 Años,64,Hombres,25126
Jalisco,64 Años,64,Mujeres,29107
Jalisco,65 Años,65,Hombres,29639
Jalisco,65 Años,65,Mujeres,34020
Jalisco,66 Años,66,Hombres,20586
Jalisco,66 Años,66,Mujeres,24615
Jalisco,67 Años,67,Hombres,20806
Jalisco,67 Años,67,Mujeres,23030
Jalisco,68 Años,68,Hombres,22812
Jalisco,68 Años,68,Mujeres,26927
Jalisco,69 Años,69,Hombres,17740
Jalisco,69 Años,69,Mujeres,20378
Jalisco,70 Años,70,Hombres,21694
Jalisco,70 Años,70,Mujeres,25551
Jalisco,71 Años,71,Hombres,13752
Jalisco,71 Años,71,Mujeres,15572
Jalisco,72 Años,72,Hombres,18778
Jalisco,72 Años,72,Mujeres,21147
Jalisco,73 Años,73,Hombres,15660
Jalisco,73 Años,73,Mujeres,17775
Jalisco,74 Años,74,Hombres,14580
Jalisco,74 Años,74,Mujeres,16911
Jalisco,75 Años,75,Hombres,14747
Jalisco,75 Años,75,Mujeres,16510
Jalisco,76 Años,76,Hombres,12040
Jalisco,76 Años,76,Mujeres,13664
Jalisco,77 Años,77,Hombres,9964
Jalisco,77 Años,77,Mujeres,11388
Jalisco,78 Años,78,Hombres,11264
Jalisco,78 Años,78,Mujeres,12451
Jalisco,79 Años,79,Hombres,8877
Jalisco,79 Años,79,Mujeres,9980
Jalisco,80 Años,80,Hombres,10030
Jalisco,80 Años,80,Mujeres,12545
Jalisco,81 Años,81,Hombres,5661
Jalisco,81 Años,81,Mujeres,6796
Jalisco,82 Años,82,Hombres,6749
Jalisco,82 Años,82,Mujeres,8411
Jalisco,83 Años,83,Hombres,5947
Jalisco,83 Años,83,Mujeres,7531
Jalisco,84 Años,84,Hombres,5583
Jalisco,84 Años,84,Mujeres,7242
Jalisco,85 Años,85,Hombres,5154
Jalisco,85 Años,85,Mujeres,6648
Jalisco,86 Años,86,Hombres,4078
Jalisco,86 Años,86,Mujeres,5444
Jalisco,87 Años,87,Hombres,3256
Jalisco,87 Años,87,Mujeres,4443
Jalisco,88 Años,88,Hombres,2807
Jalisco,88 Años,88,Mujeres,3674
Jalisco,89 Años,89,Hombres,2548
Jalisco,89 Años,89,Mujeres,3455
Jalisco,90 Años,90,Hombres,2507
Jalisco,90 Años,90,Mujeres,3547
Jalisco,91 Años,91,Hombres,1073
Jalisco,91 Años,91,Mujeres,1735
Jalisco,92 Años,92,Hombres,1342
Jalisco,92 Años,92,Mujeres,2081
Jalisco,93 Años,93,Hombres,1134
Jalisco,93 Años,93,Mujeres,1760
Jalisco,94 Años,94,Hombres,1006
Jalisco,94 Años,94,Mujeres,1540
Jalisco,95 Años,95,Hombres,748
Jalisco,95 Años,95,Mujeres,1205
Jalisco,96 Años,96,Hombres,602
Jalisco,96 Años,96,Mujeres,920
Jalisco,97 Años,97,Hombres,408
Jalisco,97 Años,97,Mujeres,755
Jalisco,98 Años,98,Hombres,394
Jalisco,98 Años,98,Mujeres,642
Jalisco,99 Años,99,Hombres,270
Jalisco,99 Años,99,Mujeres,437
Jalisco,100 años y más,100,Hombres,393
Jalisco,100 años y más,100,Mujeres,715
Jalisco,No especificado,NA,Hombres,25503
Jalisco,No especificado,NA,Mujeres,25548
México,0 Años,0,Hombres,111010
México,0 Años,0,Mujeres,108338
México,1 Año,1,Hombres,122380
México,1 Año,1,Mujeres,119014
México,2 Años,2,Hombres,132977
México,2 Años,2,Mujeres,130414
México,3 Años,3,Hombres,137450
México,3 Años,3,Mujeres,135642
México,4 Años,4,Hombres,140960
México,4 Años,4,Mujeres,138201
México,5 Años,5,Hombres,143010
México,5 Años,5,Mujeres,139348
México,6 Años,6,Hombres,134268
México,6 Años,6,Mujeres,131586
México,7 Años,7,Hombres,138301
México,7 Años,7,Mujeres,135092
México,8 Años,8,Hombres,148372
México,8 Años,8,Mujeres,141235
México,9 Años,9,Hombres,135622
México,9 Años,9,Mujeres,134298
México,10 Años,10,Hombres,156125
México,10 Años,10,Mujeres,149456
México,11 Años,11,Hombres,141429
México,11 Años,11,Mujeres,136816
México,12 Años,12,Hombres,152833
México,12 Años,12,Mujeres,149165
México,13 Años,13,Hombres,145151
México,13 Años,13,Mujeres,143133
México,14 Años,14,Hombres,144838
México,14 Años,14,Mujeres,145603
México,15 Años,15,Hombres,151715
México,15 Años,15,Mujeres,147862
México,16 Años,16,Hombres,143020
México,16 Años,16,Mujeres,140398
México,17 Años,17,Hombres,154420
México,17 Años,17,Mujeres,149777
México,18 Años,18,Hombres,162144
México,18 Años,18,Mujeres,155128
México,19 Años,19,Hombres,136232
México,19 Años,19,Mujeres,135969
México,20 Años,20,Hombres,158609
México,20 Años,20,Mujeres,158931
México,21 Años,21,Hombres,130219
México,21 Años,21,Mujeres,128509
México,22 Años,22,Hombres,146258
México,22 Años,22,Mujeres,146000
México,23 Años,23,Hombres,135512
México,23 Años,23,Mujeres,137089
México,24 Años,24,Hombres,134860
México,24 Años,24,Mujeres,139172
México,25 Años,25,Hombres,146785
México,25 Años,25,Mujeres,152600
México,26 Años,26,Hombres,131165
México,26 Años,26,Mujeres,138425
México,27 Años,27,Hombres,130034
México,27 Años,27,Mujeres,135602
México,28 Años,28,Hombres,140575
México,28 Años,28,Mujeres,144400
México,29 Años,29,Hombres,119374
México,29 Años,29,Mujeres,128567
México,30 Años,30,Hombres,159232
México,30 Años,30,Mujeres,169195
México,31 Años,31,Hombres,97560
México,31 Años,31,Mujeres,105850
México,32 Años,32,Hombres,131488
México,32 Años,32,Mujeres,143928
México,33 Años,33,Hombres,114428
México,33 Años,33,Mujeres,125305
México,34 Años,34,Hombres,112310
México,34 Años,34,Mujeres,123968
México,35 Años,35,Hombres,133825
México,35 Años,35,Mujeres,145383
México,36 Años,36,Hombres,120711
México,36 Años,36,Mujeres,134821
México,37 Años,37,Hombres,104148
México,37 Años,37,Mujeres,115231
México,38 Años,38,Hombres,131965
México,38 Años,38,Mujeres,142472
México,39 Años,39,Hombres,106037
México,39 Años,39,Mujeres,119703
México,40 Años,40,Hombres,148354
México,40 Años,40,Mujeres,165687
México,41 Años,41,Hombres,83759
México,41 Años,41,Mujeres,95428
México,42 Años,42,Hombres,129849
México,42 Años,42,Mujeres,143734
México,43 Años,43,Hombres,107032
México,43 Años,43,Mujeres,121893
México,44 Años,44,Hombres,94720
México,44 Años,44,Mujeres,106633
México,45 Años,45,Hombres,132208
México,45 Años,45,Mujeres,143770
México,46 Años,46,Hombres,102771
México,46 Años,46,Mujeres,115641
México,47 Años,47,Hombres,102703
México,47 Años,47,Mujeres,114701
México,48 Años,48,Hombres,108225
México,48 Años,48,Mujeres,120724
México,49 Años,49,Hombres,96651
México,49 Años,49,Mujeres,108488
México,50 Años,50,Hombres,127197
México,50 Años,50,Mujeres,142533
México,51 Años,51,Hombres,72910
México,51 Años,51,Mujeres,83010
México,52 Años,52,Hombres,101968
México,52 Años,52,Mujeres,112522
México,53 Años,53,Hombres,85733
México,53 Años,53,Mujeres,96259
México,54 Años,54,Hombres,85554
México,54 Años,54,Mujeres,99391
México,55 Años,55,Hombres,85437
México,55 Años,55,Mujeres,97357
México,56 Años,56,Hombres,85576
México,56 Años,56,Mujeres,93121
México,57 Años,57,Hombres,64836
México,57 Años,57,Mujeres,74283
México,58 Años,58,Hombres,73035
México,58 Años,58,Mujeres,82774
México,59 Años,59,Hombres,65093
México,59 Años,59,Mujeres,74199
México,60 Años,60,Hombres,86066
México,60 Años,60,Mujeres,98298
México,61 Años,61,Hombres,47207
México,61 Años,61,Mujeres,54994
México,62 Años,62,Hombres,62894
México,62 Años,62,Mujeres,71528
México,63 Años,63,Hombres,58714
México,63 Años,63,Mujeres,67945
México,64 Años,64,Hombres,52120
México,64 Años,64,Mujeres,61334
México,65 Años,65,Hombres,61690
México,65 Años,65,Mujeres,70554
México,66 Años,66,Hombres,40553
México,66 Años,66,Mujeres,47224
México,67 Años,67,Hombres,40773
México,67 Años,67,Mujeres,45732
México,68 Años,68,Hombres,45017
México,68 Años,68,Mujeres,51926
México,69 Años,69,Hombres,33208
México,69 Años,69,Mujeres,38721
México,70 Años,70,Hombres,40810
México,70 Años,70,Mujeres,48324
México,71 Años,71,Hombres,23750
México,71 Años,71,Mujeres,27480
México,72 Años,72,Hombres,34489
México,72 Años,72,Mujeres,39545
México,73 Años,73,Hombres,27535
México,73 Años,73,Mujeres,32495
México,74 Años,74,Hombres,25664
México,74 Años,74,Mujeres,30813
México,75 Años,75,Hombres,25735
México,75 Años,75,Mujeres,30313
México,76 Años,76,Hombres,21410
México,76 Años,76,Mujeres,25265
México,77 Años,77,Hombres,16291
México,77 Años,77,Mujeres,19300
México,78 Años,78,Hombres,19314
México,78 Años,78,Mujeres,22783
México,79 Años,79,Hombres,14477
México,79 Años,79,Mujeres,17674
México,80 Años,80,Hombres,16508
México,80 Años,80,Mujeres,21539
México,81 Años,81,Hombres,9152
México,81 Años,81,Mujeres,11125
México,82 Años,82,Hombres,11253
México,82 Años,82,Mujeres,14784
México,83 Años,83,Hombres,9902
México,83 Años,83,Mujeres,13398
México,84 Años,84,Hombres,9436
México,84 Años,84,Mujeres,13383
México,85 Años,85,Hombres,8636
México,85 Años,85,Mujeres,12119
México,86 Años,86,Hombres,6768
México,86 Años,86,Mujeres,9747
México,87 Años,87,Hombres,5451
México,87 Años,87,Mujeres,8171
México,88 Años,88,Hombres,4099
México,88 Años,88,Mujeres,6394
México,89 Años,89,Hombres,3890
México,89 Años,89,Mujeres,6032
México,90 Años,90,Hombres,3600
México,90 Años,90,Mujeres,5892
México,91 Años,91,Hombres,1626
México,91 Años,91,Mujeres,2558
México,92 Años,92,Hombres,1926
México,92 Años,92,Mujeres,3317
México,93 Años,93,Hombres,1537
México,93 Años,93,Mujeres,2674
México,94 Años,94,Hombres,1260
México,94 Años,94,Mujeres,2560
México,95 Años,95,Hombres,956
México,95 Años,95,Mujeres,1955
México,96 Años,96,Hombres,820
México,96 Años,96,Mujeres,1402
México,97 Años,97,Hombres,565
México,97 Años,97,Mujeres,1086
México,98 Años,98,Hombres,506
México,98 Años,98,Mujeres,1035
México,99 Años,99,Hombres,273
México,99 Años,99,Mujeres,696
México,100 años y más,100,Hombres,424
México,100 años y más,100,Mujeres,1034
México,No especificado,NA,Hombres,4027
México,No especificado,NA,Mujeres,4200
Michoacán de Ocampo,0 Años,0,Hombres,41131
Michoacán de Ocampo,0 Años,0,Mujeres,40228
Michoacán de Ocampo,1 Año,1,Hombres,41836
Michoacán de Ocampo,1 Año,1,Mujeres,41236
Michoacán de Ocampo,2 Años,2,Hombres,44206
Michoacán de Ocampo,2 Años,2,Mujeres,43163
Michoacán de Ocampo,3 Años,3,Hombres,44065
Michoacán de Ocampo,3 Años,3,Mujeres,43867
Michoacán de Ocampo,4 Años,4,Hombres,45587
Michoacán de Ocampo,4 Años,4,Mujeres,44518
Michoacán de Ocampo,5 Años,5,Hombres,44682
Michoacán de Ocampo,5 Años,5,Mujeres,43930
Michoacán de Ocampo,6 Años,6,Hombres,43533
Michoacán de Ocampo,6 Años,6,Mujeres,42882
Michoacán de Ocampo,7 Años,7,Hombres,44680
Michoacán de Ocampo,7 Años,7,Mujeres,43365
Michoacán de Ocampo,8 Años,8,Hombres,46592
Michoacán de Ocampo,8 Años,8,Mujeres,44904
Michoacán de Ocampo,9 Años,9,Hombres,43895
Michoacán de Ocampo,9 Años,9,Mujeres,43155
Michoacán de Ocampo,10 Años,10,Hombres,46424
Michoacán de Ocampo,10 Años,10,Mujeres,44866
Michoacán de Ocampo,11 Años,11,Hombres,41760
Michoacán de Ocampo,11 Años,11,Mujeres,41135
Michoacán de Ocampo,12 Años,12,Hombres,44088
Michoacán de Ocampo,12 Años,12,Mujeres,42761
Michoacán de Ocampo,13 Años,13,Hombres,41832
Michoacán de Ocampo,13 Años,13,Mujeres,41005
Michoacán de Ocampo,14 Años,14,Hombres,41828
Michoacán de Ocampo,14 Años,14,Mujeres,41170
Michoacán de Ocampo,15 Años,15,Hombres,42214
Michoacán de Ocampo,15 Años,15,Mujeres,41063
Michoacán de Ocampo,16 Años,16,Hombres,39771
Michoacán de Ocampo,16 Años,16,Mujeres,39678
Michoacán de Ocampo,17 Años,17,Hombres,42330
Michoacán de Ocampo,17 Años,17,Mujeres,41214
Michoacán de Ocampo,18 Años,18,Hombres,43491
Michoacán de Ocampo,18 Años,18,Mujeres,42708
Michoacán de Ocampo,19 Años,19,Hombres,37015
Michoacán de Ocampo,19 Años,19,Mujeres,38259
Michoacán de Ocampo,20 Años,20,Hombres,42692
Michoacán de Ocampo,20 Años,20,Mujeres,43876
Michoacán de Ocampo,21 Años,21,Hombres,35026
Michoacán de Ocampo,21 Años,21,Mujeres,36055
Michoacán de Ocampo,22 Años,22,Hombres,39612
Michoacán de Ocampo,22 Años,22,Mujeres,40688
Michoacán de Ocampo,23 Años,23,Hombres,37589
Michoacán de Ocampo,23 Años,23,Mujeres,39052
Michoacán de Ocampo,24 Años,24,Hombres,36668
Michoacán de Ocampo,24 Años,24,Mujeres,39173
Michoacán de Ocampo,25 Años,25,Hombres,38275
Michoacán de Ocampo,25 Años,25,Mujeres,41463
Michoacán de Ocampo,26 Años,26,Hombres,34634
Michoacán de Ocampo,26 Años,26,Mujeres,37972
Michoacán de Ocampo,27 Años,27,Hombres,35064
Michoacán de Ocampo,27 Años,27,Mujeres,37304
Michoacán de Ocampo,28 Años,28,Hombres,35906
Michoacán de Ocampo,28 Años,28,Mujeres,38675
Michoacán de Ocampo,29 Años,29,Hombres,32392
Michoacán de Ocampo,29 Años,29,Mujeres,35883
Michoacán de Ocampo,30 Años,30,Hombres,41364
Michoacán de Ocampo,30 Años,30,Mujeres,45934
Michoacán de Ocampo,31 Años,31,Hombres,26161
Michoacán de Ocampo,31 Años,31,Mujeres,30061
Michoacán de Ocampo,32 Años,32,Hombres,34924
Michoacán de Ocampo,32 Años,32,Mujeres,38817
Michoacán de Ocampo,33 Años,33,Hombres,30493
Michoacán de Ocampo,33 Años,33,Mujeres,34330
Michoacán de Ocampo,34 Años,34,Hombres,30004
Michoacán de Ocampo,34 Años,34,Mujeres,33184
Michoacán de Ocampo,35 Años,35,Hombres,33969
Michoacán de Ocampo,35 Años,35,Mujeres,37512
Michoacán de Ocampo,36 Años,36,Hombres,30440
Michoacán de Ocampo,36 Años,36,Mujeres,33954
Michoacán de Ocampo,37 Años,37,Hombres,26721
Michoacán de Ocampo,37 Años,37,Mujeres,29287
Michoacán de Ocampo,38 Años,38,Hombres,32789
Michoacán de Ocampo,38 Años,38,Mujeres,35415
Michoacán de Ocampo,39 Años,39,Hombres,27678
Michoacán de Ocampo,39 Años,39,Mujeres,30673
Michoacán de Ocampo,40 Años,40,Hombres,37308
Michoacán de Ocampo,40 Años,40,Mujeres,41484
Michoacán de Ocampo,41 Años,41,Hombres,21855
Michoacán de Ocampo,41 Años,41,Mujeres,23639
Michoacán de Ocampo,42 Años,42,Hombres,32777
Michoacán de Ocampo,42 Años,42,Mujeres,34965
Michoacán de Ocampo,43 Años,43,Hombres,26990
Michoacán de Ocampo,43 Años,43,Mujeres,29844
Michoacán de Ocampo,44 Años,44,Hombres,23655
Michoacán de Ocampo,44 Años,44,Mujeres,26782
Michoacán de Ocampo,45 Años,45,Hombres,31377
Michoacán de Ocampo,45 Años,45,Mujeres,33541
Michoacán de Ocampo,46 Años,46,Hombres,24549
Michoacán de Ocampo,46 Años,46,Mujeres,26977
Michoacán de Ocampo,47 Años,47,Hombres,24148
Michoacán de Ocampo,47 Años,47,Mujeres,26291
Michoacán de Ocampo,48 Años,48,Hombres,25858
Michoacán de Ocampo,48 Años,48,Mujeres,28628
Michoacán de Ocampo,49 Años,49,Hombres,23448
Michoacán de Ocampo,49 Años,49,Mujeres,25727
Michoacán de Ocampo,50 Años,50,Hombres,30609
Michoacán de Ocampo,50 Años,50,Mujeres,34402
Michoacán de Ocampo,51 Años,51,Hombres,16944
Michoacán de Ocampo,51 Años,51,Mujeres,19490
Michoacán de Ocampo,52 Años,52,Hombres,24464
Michoacán de Ocampo,52 Años,52,Mujeres,27590
Michoacán de Ocampo,53 Años,53,Hombres,20321
Michoacán de Ocampo,53 Años,53,Mujeres,24140
Michoacán de Ocampo,54 Años,54,Hombres,20879
Michoacán de Ocampo,54 Años,54,Mujeres,24760
Michoacán de Ocampo,55 Años,55,Hombres,21974
Michoacán de Ocampo,55 Años,55,Mujeres,25137
Michoacán de Ocampo,56 Años,56,Hombres,20375
Michoacán de Ocampo,56 Años,56,Mujeres,23184
Michoacán de Ocampo,57 Años,57,Hombres,16735
Michoacán de Ocampo,57 Años,57,Mujeres,19006
Michoacán de Ocampo,58 Años,58,Hombres,18495
Michoacán de Ocampo,58 Años,58,Mujeres,21666
Michoacán de Ocampo,59 Años,59,Hombres,16631
Michoacán de Ocampo,59 Años,59,Mujeres,19196
Michoacán de Ocampo,60 Años,60,Hombres,23602
Michoacán de Ocampo,60 Años,60,Mujeres,26933
Michoacán de Ocampo,61 Años,61,Hombres,11951
Michoacán de Ocampo,61 Años,61,Mujeres,13959
Michoacán de Ocampo,62 Años,62,Hombres,16843
Michoacán de Ocampo,62 Años,62,Mujeres,19165
Michoacán de Ocampo,63 Años,63,Hombres,16229
Michoacán de Ocampo,63 Años,63,Mujeres,18420
Michoacán de Ocampo,64 Años,64,Hombres,14613
Michoacán de Ocampo,64 Años,64,Mujeres,17129
Michoacán de Ocampo,65 Años,65,Hombres,18010
Michoacán de Ocampo,65 Años,65,Mujeres,19655
Michoacán de Ocampo,66 Años,66,Hombres,12330
Michoacán de Ocampo,66 Años,66,Mujeres,13719
Michoacán de Ocampo,67 Años,67,Hombres,12330
Michoacán de Ocampo,67 Años,67,Mujeres,13238
Michoacán de Ocampo,68 Años,68,Hombres,13890
Michoacán de Ocampo,68 Años,68,Mujeres,16009
Michoacán de Ocampo,69 Años,69,Hombres,9867
Michoacán de Ocampo,69 Años,69,Mujeres,10961
Michoacán de Ocampo,70 Años,70,Hombres,13737
Michoacán de Ocampo,70 Años,70,Mujeres,15534
Michoacán de Ocampo,71 Años,71,Hombres,7547
Michoacán de Ocampo,71 Años,71,Mujeres,7991
Michoacán de Ocampo,72 Años,72,Hombres,11014
Michoacán de Ocampo,72 Años,72,Mujeres,12129
Michoacán de Ocampo,73 Años,73,Hombres,9398
Michoacán de Ocampo,73 Años,73,Mujeres,10372
Michoacán de Ocampo,74 Años,74,Hombres,8819
Michoacán de Ocampo,74 Años,74,Mujeres,9791
Michoacán de Ocampo,75 Años,75,Hombres,9393
Michoacán de Ocampo,75 Años,75,Mujeres,10191
Michoacán de Ocampo,76 Años,76,Hombres,7272
Michoacán de Ocampo,76 Años,76,Mujeres,8342
Michoacán de Ocampo,77 Años,77,Hombres,6182
Michoacán de Ocampo,77 Años,77,Mujeres,6739
Michoacán de Ocampo,78 Años,78,Hombres,7580
Michoacán de Ocampo,78 Años,78,Mujeres,8038
Michoacán de Ocampo,79 Años,79,Hombres,5267
Michoacán de Ocampo,79 Años,79,Mujeres,5934
Michoacán de Ocampo,80 Años,80,Hombres,7197
Michoacán de Ocampo,80 Años,80,Mujeres,8466
Michoacán de Ocampo,81 Años,81,Hombres,3483
Michoacán de Ocampo,81 Años,81,Mujeres,3929
Michoacán de Ocampo,82 Años,82,Hombres,4558
Michoacán de Ocampo,82 Años,82,Mujeres,5392
Michoacán de Ocampo,83 Años,83,Hombres,4208
Michoacán de Ocampo,83 Años,83,Mujeres,5029
Michoacán de Ocampo,84 Años,84,Hombres,4027
Michoacán de Ocampo,84 Años,84,Mujeres,4865
Michoacán de Ocampo,85 Años,85,Hombres,3965
Michoacán de Ocampo,85 Años,85,Mujeres,4872
Michoacán de Ocampo,86 Años,86,Hombres,3218
Michoacán de Ocampo,86 Años,86,Mujeres,3735
Michoacán de Ocampo,87 Años,87,Hombres,2560
Michoacán de Ocampo,87 Años,87,Mujeres,3179
Michoacán de Ocampo,88 Años,88,Hombres,2341
Michoacán de Ocampo,88 Años,88,Mujeres,2782
Michoacán de Ocampo,89 Años,89,Hombres,1905
Michoacán de Ocampo,89 Años,89,Mujeres,2419
Michoacán de Ocampo,90 Años,90,Hombres,2136
Michoacán de Ocampo,90 Años,90,Mujeres,2646
Michoacán de Ocampo,91 Años,91,Hombres,873
Michoacán de Ocampo,91 Años,91,Mujeres,1054
Michoacán de Ocampo,92 Años,92,Hombres,1075
Michoacán de Ocampo,92 Años,92,Mujeres,1289
Michoacán de Ocampo,93 Años,93,Hombres,973
Michoacán de Ocampo,93 Años,93,Mujeres,1326
Michoacán de Ocampo,94 Años,94,Hombres,811
Michoacán de Ocampo,94 Años,94,Mujeres,1072
Michoacán de Ocampo,95 Años,95,Hombres,693
Michoacán de Ocampo,95 Años,95,Mujeres,860
Michoacán de Ocampo,96 Años,96,Hombres,527
Michoacán de Ocampo,96 Años,96,Mujeres,722
Michoacán de Ocampo,97 Años,97,Hombres,406
Michoacán de Ocampo,97 Años,97,Mujeres,545
Michoacán de Ocampo,98 Años,98,Hombres,384
Michoacán de Ocampo,98 Años,98,Mujeres,560
Michoacán de Ocampo,99 Años,99,Hombres,232
Michoacán de Ocampo,99 Años,99,Mujeres,317
Michoacán de Ocampo,100 años y más,100,Hombres,396
Michoacán de Ocampo,100 años y más,100,Mujeres,549
Michoacán de Ocampo,No especificado,NA,Hombres,1746
Michoacán de Ocampo,No especificado,NA,Mujeres,1784
Morelos,0 Años,0,Hombres,13248
Morelos,0 Años,0,Mujeres,12983
Morelos,1 Año,1,Hombres,13746
Morelos,1 Año,1,Mujeres,13315
Morelos,2 Años,2,Hombres,14990
Morelos,2 Años,2,Mujeres,14527
Morelos,3 Años,3,Hombres,15397
Morelos,3 Años,3,Mujeres,15493
Morelos,4 Años,4,Hombres,16299
Morelos,4 Años,4,Mujeres,15441
Morelos,5 Años,5,Hombres,16305
Morelos,5 Años,5,Mujeres,15626
Morelos,6 Años,6,Hombres,15601
Morelos,6 Años,6,Mujeres,15413
Morelos,7 Años,7,Hombres,16072
Morelos,7 Años,7,Mujeres,15659
Morelos,8 Años,8,Hombres,16926
Morelos,8 Años,8,Mujeres,16117
Morelos,9 Años,9,Hombres,15733
Morelos,9 Años,9,Mujeres,15483
Morelos,10 Años,10,Hombres,17344
Morelos,10 Años,10,Mujeres,16940
Morelos,11 Años,11,Hombres,15830
Morelos,11 Años,11,Mujeres,15234
Morelos,12 Años,12,Hombres,17188
Morelos,12 Años,12,Mujeres,16411
Morelos,13 Años,13,Hombres,16561
Morelos,13 Años,13,Mujeres,16030
Morelos,14 Años,14,Hombres,16468
Morelos,14 Años,14,Mujeres,16171
Morelos,15 Años,15,Hombres,17420
Morelos,15 Años,15,Mujeres,16533
Morelos,16 Años,16,Hombres,16339
Morelos,16 Años,16,Mujeres,15667
Morelos,17 Años,17,Hombres,17473
Morelos,17 Años,17,Mujeres,16760
Morelos,18 Años,18,Hombres,17895
Morelos,18 Años,18,Mujeres,17456
Morelos,19 Años,19,Hombres,15501
Morelos,19 Años,19,Mujeres,15610
Morelos,20 Años,20,Hombres,17512
Morelos,20 Años,20,Mujeres,18016
Morelos,21 Años,21,Hombres,14603
Morelos,21 Años,21,Mujeres,14892
Morelos,22 Años,22,Hombres,16432
Morelos,22 Años,22,Mujeres,16925
Morelos,23 Años,23,Hombres,15359
Morelos,23 Años,23,Mujeres,16358
Morelos,24 Años,24,Hombres,15660
Morelos,24 Años,24,Mujeres,16389
Morelos,25 Años,25,Hombres,16455
Morelos,25 Años,25,Mujeres,17696
Morelos,26 Años,26,Hombres,14910
Morelos,26 Años,26,Mujeres,15947
Morelos,27 Años,27,Hombres,14716
Morelos,27 Años,27,Mujeres,15620
Morelos,28 Años,28,Hombres,15217
Morelos,28 Años,28,Mujeres,16291
Morelos,29 Años,29,Hombres,13314
Morelos,29 Años,29,Mujeres,14429
Morelos,30 Años,30,Hombres,17391
Morelos,30 Años,30,Mujeres,18849
Morelos,31 Años,31,Hombres,10843
Morelos,31 Años,31,Mujeres,12348
Morelos,32 Años,32,Hombres,14242
Morelos,32 Años,32,Mujeres,15815
Morelos,33 Años,33,Hombres,12861
Morelos,33 Años,33,Mujeres,14348
Morelos,34 Años,34,Hombres,12633
Morelos,34 Años,34,Mujeres,14074
Morelos,35 Años,35,Hombres,14085
Morelos,35 Años,35,Mujeres,16065
Morelos,36 Años,36,Hombres,12856
Morelos,36 Años,36,Mujeres,14981
Morelos,37 Años,37,Hombres,11410
Morelos,37 Años,37,Mujeres,12731
Morelos,38 Años,38,Hombres,13853
Morelos,38 Años,38,Mujeres,15312
Morelos,39 Años,39,Hombres,11545
Morelos,39 Años,39,Mujeres,13156
Morelos,40 Años,40,Hombres,16034
Morelos,40 Años,40,Mujeres,17962
Morelos,41 Años,41,Hombres,9017
Morelos,41 Años,41,Mujeres,10593
Morelos,42 Años,42,Hombres,13853
Morelos,42 Años,42,Mujeres,15690
Morelos,43 Años,43,Hombres,11470
Morelos,43 Años,43,Mujeres,13431
Morelos,44 Años,44,Hombres,10342
Morelos,44 Años,44,Mujeres,12147
Morelos,45 Años,45,Hombres,13765
Morelos,45 Años,45,Mujeres,15541
Morelos,46 Años,46,Hombres,10941
Morelos,46 Años,46,Mujeres,12501
Morelos,47 Años,47,Hombres,11108
Morelos,47 Años,47,Mujeres,12579
Morelos,48 Años,48,Hombres,11698
Morelos,48 Años,48,Mujeres,13503
Morelos,49 Años,49,Hombres,10518
Morelos,49 Años,49,Mujeres,12224
Morelos,50 Años,50,Hombres,14216
Morelos,50 Años,50,Mujeres,16306
Morelos,51 Años,51,Hombres,7809
Morelos,51 Años,51,Mujeres,9442
Morelos,52 Años,52,Hombres,11236
Morelos,52 Años,52,Mujeres,12846
Morelos,53 Años,53,Hombres,9577
Morelos,53 Años,53,Mujeres,11280
Morelos,54 Años,54,Hombres,9750
Morelos,54 Años,54,Mujeres,11822
Morelos,55 Años,55,Hombres,10249
Morelos,55 Años,55,Mujeres,11658
Morelos,56 Años,56,Hombres,9536
Morelos,56 Años,56,Mujeres,11042
Morelos,57 Años,57,Hombres,7735
Morelos,57 Años,57,Mujeres,9248
Morelos,58 Años,58,Hombres,8758
Morelos,58 Años,58,Mujeres,10278
Morelos,59 Años,59,Hombres,8079
Morelos,59 Años,59,Mujeres,9541
Morelos,60 Años,60,Hombres,10767
Morelos,60 Años,60,Mujeres,12359
Morelos,61 Años,61,Hombres,5955
Morelos,61 Años,61,Mujeres,6854
Morelos,62 Años,62,Hombres,7868
Morelos,62 Años,62,Mujeres,9308
Morelos,63 Años,63,Hombres,7573
Morelos,63 Años,63,Mujeres,8638
Morelos,64 Años,64,Hombres,6960
Morelos,64 Años,64,Mujeres,8193
Morelos,65 Años,65,Hombres,8118
Morelos,65 Años,65,Mujeres,9146
Morelos,66 Años,66,Hombres,5628
Morelos,66 Años,66,Mujeres,6689
Morelos,67 Años,67,Hombres,5784
Morelos,67 Años,67,Mujeres,6486
Morelos,68 Años,68,Hombres,6416
Morelos,68 Años,68,Mujeres,7303
Morelos,69 Años,69,Hombres,4812
Morelos,69 Años,69,Mujeres,5268
Morelos,70 Años,70,Hombres,6045
Morelos,70 Años,70,Mujeres,6814
Morelos,71 Años,71,Hombres,3458
Morelos,71 Años,71,Mujeres,3914
Morelos,72 Años,72,Hombres,4854
Morelos,72 Años,72,Mujeres,5562
Morelos,73 Años,73,Hombres,4203
Morelos,73 Años,73,Mujeres,4609
Morelos,74 Años,74,Hombres,3902
Morelos,74 Años,74,Mujeres,4485
Morelos,75 Años,75,Hombres,3982
Morelos,75 Años,75,Mujeres,4506
Morelos,76 Años,76,Hombres,3285
Morelos,76 Años,76,Mujeres,3718
Morelos,77 Años,77,Hombres,2772
Morelos,77 Años,77,Mujeres,3031
Morelos,78 Años,78,Hombres,3146
Morelos,78 Años,78,Mujeres,3472
Morelos,79 Años,79,Hombres,2423
Morelos,79 Años,79,Mujeres,2854
Morelos,80 Años,80,Hombres,2840
Morelos,80 Años,80,Mujeres,3547
Morelos,81 Años,81,Hombres,1490
Morelos,81 Años,81,Mujeres,1720
Morelos,82 Años,82,Hombres,1949
Morelos,82 Años,82,Mujeres,2380
Morelos,83 Años,83,Hombres,1719
Morelos,83 Años,83,Mujeres,2256
Morelos,84 Años,84,Hombres,1793
Morelos,84 Años,84,Mujeres,2260
Morelos,85 Años,85,Hombres,1620
Morelos,85 Años,85,Mujeres,2154
Morelos,86 Años,86,Hombres,1335
Morelos,86 Años,86,Mujeres,1680
Morelos,87 Años,87,Hombres,1074
Morelos,87 Años,87,Mujeres,1493
Morelos,88 Años,88,Hombres,888
Morelos,88 Años,88,Mujeres,1158
Morelos,89 Años,89,Hombres,807
Morelos,89 Años,89,Mujeres,1069
Morelos,90 Años,90,Hombres,775
Morelos,90 Años,90,Mujeres,1137
Morelos,91 Años,91,Hombres,326
Morelos,91 Años,91,Mujeres,519
Morelos,92 Años,92,Hombres,426
Morelos,92 Años,92,Mujeres,622
Morelos,93 Años,93,Hombres,360
Morelos,93 Años,93,Mujeres,474
Morelos,94 Años,94,Hombres,278
Morelos,94 Años,94,Mujeres,410
Morelos,95 Años,95,Hombres,212
Morelos,95 Años,95,Mujeres,343
Morelos,96 Años,96,Hombres,182
Morelos,96 Años,96,Mujeres,265
Morelos,97 Años,97,Hombres,139
Morelos,97 Años,97,Mujeres,216
Morelos,98 Años,98,Hombres,97
Morelos,98 Años,98,Mujeres,177
Morelos,99 Años,99,Hombres,77
Morelos,99 Años,99,Mujeres,136
Morelos,100 años y más,100,Hombres,126
Morelos,100 años y más,100,Mujeres,214
Morelos,No especificado,NA,Hombres,459
Morelos,No especificado,NA,Mujeres,489
Nayarit,0 Años,0,Hombres,9266
Nayarit,0 Años,0,Mujeres,8949
Nayarit,1 Año,1,Hombres,10086
Nayarit,1 Año,1,Mujeres,9860
Nayarit,2 Años,2,Hombres,10892
Nayarit,2 Años,2,Mujeres,10496
Nayarit,3 Años,3,Hombres,10961
Nayarit,3 Años,3,Mujeres,10806
Nayarit,4 Años,4,Hombres,11397
Nayarit,4 Años,4,Mujeres,10888
Nayarit,5 Años,5,Hombres,11449
Nayarit,5 Años,5,Mujeres,10924
Nayarit,6 Años,6,Hombres,11284
Nayarit,6 Años,6,Mujeres,10998
Nayarit,7 Años,7,Hombres,11639
Nayarit,7 Años,7,Mujeres,11351
Nayarit,8 Años,8,Hombres,12297
Nayarit,8 Años,8,Mujeres,11573
Nayarit,9 Años,9,Hombres,11331
Nayarit,9 Años,9,Mujeres,11096
Nayarit,10 Años,10,Hombres,12158
Nayarit,10 Años,10,Mujeres,11637
Nayarit,11 Años,11,Hombres,11254
Nayarit,11 Años,11,Mujeres,11000
Nayarit,12 Años,12,Hombres,12083
Nayarit,12 Años,12,Mujeres,11329
Nayarit,13 Años,13,Hombres,11210
Nayarit,13 Años,13,Mujeres,10846
Nayarit,14 Años,14,Hombres,11021
Nayarit,14 Años,14,Mujeres,10797
Nayarit,15 Años,15,Hombres,11136
Nayarit,15 Años,15,Mujeres,10628
Nayarit,16 Años,16,Hombres,10581
Nayarit,16 Años,16,Mujeres,10217
Nayarit,17 Años,17,Hombres,10715
Nayarit,17 Años,17,Mujeres,10302
Nayarit,18 Años,18,Hombres,11001
Nayarit,18 Años,18,Mujeres,10744
Nayarit,19 Años,19,Hombres,9359
Nayarit,19 Años,19,Mujeres,9573
Nayarit,20 Años,20,Hombres,10729
Nayarit,20 Años,20,Mujeres,10843
Nayarit,21 Años,21,Hombres,9357
Nayarit,21 Años,21,Mujeres,9168
Nayarit,22 Años,22,Hombres,9926
Nayarit,22 Años,22,Mujeres,9662
Nayarit,23 Años,23,Hombres,9089
Nayarit,23 Años,23,Mujeres,9409
Nayarit,24 Años,24,Hombres,9436
Nayarit,24 Años,24,Mujeres,9881
Nayarit,25 Años,25,Hombres,9618
Nayarit,25 Años,25,Mujeres,10138
Nayarit,26 Años,26,Hombres,8946
Nayarit,26 Años,26,Mujeres,9524
Nayarit,27 Años,27,Hombres,8880
Nayarit,27 Años,27,Mujeres,9193
Nayarit,28 Años,28,Hombres,9068
Nayarit,28 Años,28,Mujeres,9379
Nayarit,29 Años,29,Hombres,8725
Nayarit,29 Años,29,Mujeres,9071
Nayarit,30 Años,30,Hombres,10540
Nayarit,30 Años,30,Mujeres,10811
Nayarit,31 Años,31,Hombres,7705
Nayarit,31 Años,31,Mujeres,8613
Nayarit,32 Años,32,Hombres,9188
Nayarit,32 Años,32,Mujeres,9721
Nayarit,33 Años,33,Hombres,8316
Nayarit,33 Años,33,Mujeres,8819
Nayarit,34 Años,34,Hombres,8241
Nayarit,34 Años,34,Mujeres,8623
Nayarit,35 Años,35,Hombres,9089
Nayarit,35 Años,35,Mujeres,9600
Nayarit,36 Años,36,Hombres,8442
Nayarit,36 Años,36,Mujeres,8987
Nayarit,37 Años,37,Hombres,7514
Nayarit,37 Años,37,Mujeres,7992
Nayarit,38 Años,38,Hombres,8782
Nayarit,38 Años,38,Mujeres,8998
Nayarit,39 Años,39,Hombres,7732
Nayarit,39 Años,39,Mujeres,8044
Nayarit,40 Años,40,Hombres,9586
Nayarit,40 Años,40,Mujeres,9732
Nayarit,41 Años,41,Hombres,6710
Nayarit,41 Años,41,Mujeres,7045
Nayarit,42 Años,42,Hombres,8974
Nayarit,42 Años,42,Mujeres,9187
Nayarit,43 Años,43,Hombres,7659
Nayarit,43 Años,43,Mujeres,7947
Nayarit,44 Años,44,Hombres,7042
Nayarit,44 Años,44,Mujeres,7475
Nayarit,45 Años,45,Hombres,8641
Nayarit,45 Años,45,Mujeres,8784
Nayarit,46 Años,46,Hombres,7224
Nayarit,46 Años,46,Mujeres,7482
Nayarit,47 Años,47,Hombres,7188
Nayarit,47 Años,47,Mujeres,7262
Nayarit,48 Años,48,Hombres,7394
Nayarit,48 Años,48,Mujeres,7317
Nayarit,49 Años,49,Hombres,6851
Nayarit,49 Años,49,Mujeres,6995
Nayarit,50 Años,50,Hombres,8098
Nayarit,50 Años,50,Mujeres,8177
Nayarit,51 Años,51,Hombres,5372
Nayarit,51 Años,51,Mujeres,5631
Nayarit,52 Años,52,Hombres,6632
Nayarit,52 Años,52,Mujeres,6909
Nayarit,53 Años,53,Hombres,5803
Nayarit,53 Años,53,Mujeres,6296
Nayarit,54 Años,54,Hombres,5786
Nayarit,54 Años,54,Mujeres,6254
Nayarit,55 Años,55,Hombres,5919
Nayarit,55 Años,55,Mujeres,6458
Nayarit,56 Años,56,Hombres,5643
Nayarit,56 Años,56,Mujeres,5871
Nayarit,57 Años,57,Hombres,4960
Nayarit,57 Años,57,Mujeres,5199
Nayarit,58 Años,58,Hombres,5013
Nayarit,58 Años,58,Mujeres,5438
Nayarit,59 Años,59,Hombres,4727
Nayarit,59 Años,59,Mujeres,5279
Nayarit,60 Años,60,Hombres,5767
Nayarit,60 Años,60,Mujeres,6218
Nayarit,61 Años,61,Hombres,3550
Nayarit,61 Años,61,Mujeres,4139
Nayarit,62 Años,62,Hombres,4662
Nayarit,62 Años,62,Mujeres,5208
Nayarit,63 Años,63,Hombres,4555
Nayarit,63 Años,63,Mujeres,4865
Nayarit,64 Años,64,Hombres,4229
Nayarit,64 Años,64,Mujeres,4505
Nayarit,65 Años,65,Hombres,4745
Nayarit,65 Años,65,Mujeres,4919
Nayarit,66 Años,66,Hombres,3581
Nayarit,66 Años,66,Mujeres,3863
Nayarit,67 Años,67,Hombres,3503
Nayarit,67 Años,67,Mujeres,3489
Nayarit,68 Años,68,Hombres,3729
Nayarit,68 Años,68,Mujeres,3877
Nayarit,69 Años,69,Hombres,3005
Nayarit,69 Años,69,Mujeres,3165
Nayarit,70 Años,70,Hombres,3534
Nayarit,70 Años,70,Mujeres,3655
Nayarit,71 Años,71,Hombres,2221
Nayarit,71 Años,71,Mujeres,2296
Nayarit,72 Años,72,Hombres,2897
Nayarit,72 Años,72,Mujeres,3024
Nayarit,73 Años,73,Hombres,2454
Nayarit,73 Años,73,Mujeres,2650
Nayarit,74 Años,74,Hombres,2454
Nayarit,74 Años,74,Mujeres,2589
Nayarit,75 Años,75,Hombres,2389
Nayarit,75 Años,75,Mujeres,2535
Nayarit,76 Años,76,Hombres,2053
Nayarit,76 Años,76,Mujeres,2114
Nayarit,77 Años,77,Hombres,1808
Nayarit,77 Años,77,Mujeres,1880
Nayarit,78 Años,78,Hombres,1907
Nayarit,78 Años,78,Mujeres,1980
Nayarit,79 Años,79,Hombres,1635
Nayarit,79 Años,79,Mujeres,1609
Nayarit,80 Años,80,Hombres,1835
Nayarit,80 Años,80,Mujeres,1881
Nayarit,81 Años,81,Hombres,1062
Nayarit,81 Años,81,Mujeres,1081
Nayarit,82 Años,82,Hombres,1223
Nayarit,82 Años,82,Mujeres,1310
Nayarit,83 Años,83,Hombres,1159
Nayarit,83 Años,83,Mujeres,1230
Nayarit,84 Años,84,Hombres,1066
Nayarit,84 Años,84,Mujeres,1192
Nayarit,85 Años,85,Hombres,906
Nayarit,85 Años,85,Mujeres,986
Nayarit,86 Años,86,Hombres,846
Nayarit,86 Años,86,Mujeres,882
Nayarit,87 Años,87,Hombres,583
Nayarit,87 Años,87,Mujeres,723
Nayarit,88 Años,88,Hombres,496
Nayarit,88 Años,88,Mujeres,654
Nayarit,89 Años,89,Hombres,479
Nayarit,89 Años,89,Mujeres,538
Nayarit,90 Años,90,Hombres,394
Nayarit,90 Años,90,Mujeres,575
Nayarit,91 Años,91,Hombres,211
Nayarit,91 Años,91,Mujeres,263
Nayarit,92 Años,92,Hombres,236
Nayarit,92 Años,92,Mujeres,305
Nayarit,93 Años,93,Hombres,190
Nayarit,93 Años,93,Mujeres,252
Nayarit,94 Años,94,Hombres,148
Nayarit,94 Años,94,Mujeres,199
Nayarit,95 Años,95,Hombres,145
Nayarit,95 Años,95,Mujeres,169
Nayarit,96 Años,96,Hombres,111
Nayarit,96 Años,96,Mujeres,137
Nayarit,97 Años,97,Hombres,63
Nayarit,97 Años,97,Mujeres,91
Nayarit,98 Años,98,Hombres,63
Nayarit,98 Años,98,Mujeres,78
Nayarit,99 Años,99,Hombres,51
Nayarit,99 Años,99,Mujeres,88
Nayarit,100 años y más,100,Hombres,96
Nayarit,100 años y más,100,Mujeres,140
Nayarit,No especificado,NA,Hombres,572
Nayarit,No especificado,NA,Mujeres,596
Nuevo León,0 Años,0,Hombres,39953
Nuevo León,0 Años,0,Mujeres,39099
Nuevo León,1 Año,1,Hombres,43271
Nuevo León,1 Año,1,Mujeres,42801
Nuevo León,2 Años,2,Hombres,46945
Nuevo León,2 Años,2,Mujeres,46097
Nuevo León,3 Años,3,Hombres,48942
Nuevo León,3 Años,3,Mujeres,48113
Nuevo León,4 Años,4,Hombres,50696
Nuevo León,4 Años,4,Mujeres,48992
Nuevo León,5 Años,5,Hombres,49431
Nuevo León,5 Años,5,Mujeres,47997
Nuevo León,6 Años,6,Hombres,46436
Nuevo León,6 Años,6,Mujeres,44629
Nuevo León,7 Años,7,Hombres,46387
Nuevo León,7 Años,7,Mujeres,44813
Nuevo León,8 Años,8,Hombres,48317
Nuevo León,8 Años,8,Mujeres,46542
Nuevo León,9 Años,9,Hombres,45108
Nuevo León,9 Años,9,Mujeres,44159
Nuevo León,10 Años,10,Hombres,50348
Nuevo León,10 Años,10,Mujeres,48527
Nuevo León,11 Años,11,Hombres,45470
Nuevo León,11 Años,11,Mujeres,43601
Nuevo León,12 Años,12,Hombres,48768
Nuevo León,12 Años,12,Mujeres,47026
Nuevo León,13 Años,13,Hombres,45191
Nuevo León,13 Años,13,Mujeres,43839
Nuevo León,14 Años,14,Hombres,45627
Nuevo León,14 Años,14,Mujeres,44323
Nuevo León,15 Años,15,Hombres,46522
Nuevo León,15 Años,15,Mujeres,44381
Nuevo León,16 Años,16,Hombres,45119
Nuevo León,16 Años,16,Mujeres,43015
Nuevo León,17 Años,17,Hombres,48196
Nuevo León,17 Años,17,Mujeres,46248
Nuevo León,18 Años,18,Hombres,52544
Nuevo León,18 Años,18,Mujeres,51050
Nuevo León,19 Años,19,Hombres,47860
Nuevo León,19 Años,19,Mujeres,46961
Nuevo León,20 Años,20,Hombres,56167
Nuevo León,20 Años,20,Mujeres,55240
Nuevo León,21 Años,21,Hombres,48795
Nuevo León,21 Años,21,Mujeres,46979
Nuevo León,22 Años,22,Hombres,51621
Nuevo León,22 Años,22,Mujeres,49489
Nuevo León,23 Años,23,Hombres,49420
Nuevo León,23 Años,23,Mujeres,47904
Nuevo León,24 Años,24,Hombres,49530
Nuevo León,24 Años,24,Mujeres,48681
Nuevo León,25 Años,25,Hombres,53790
Nuevo León,25 Años,25,Mujeres,52245
Nuevo León,26 Años,26,Hombres,49078
Nuevo León,26 Años,26,Mujeres,48176
Nuevo León,27 Años,27,Hombres,49426
Nuevo León,27 Años,27,Mujeres,47135
Nuevo León,28 Años,28,Hombres,51081
Nuevo León,28 Años,28,Mujeres,48415
Nuevo León,29 Años,29,Hombres,45104
Nuevo León,29 Años,29,Mujeres,43899
Nuevo León,30 Años,30,Hombres,56752
Nuevo León,30 Años,30,Mujeres,55123
Nuevo León,31 Años,31,Hombres,38535
Nuevo León,31 Años,31,Mujeres,38942
Nuevo León,32 Años,32,Hombres,47232
Nuevo León,32 Años,32,Mujeres,45692
Nuevo León,33 Años,33,Hombres,42773
Nuevo León,33 Años,33,Mujeres,41286
Nuevo León,34 Años,34,Hombres,41759
Nuevo León,34 Años,34,Mujeres,40376
Nuevo León,35 Años,35,Hombres,47061
Nuevo León,35 Años,35,Mujeres,45586
Nuevo León,36 Años,36,Hombres,43211
Nuevo León,36 Años,36,Mujeres,42985
Nuevo León,37 Años,37,Hombres,39818
Nuevo León,37 Años,37,Mujeres,38937
Nuevo León,38 Años,38,Hombres,46572
Nuevo León,38 Años,38,Mujeres,44366
Nuevo León,39 Años,39,Hombres,39337
Nuevo León,39 Años,39,Mujeres,38746
Nuevo León,40 Años,40,Hombres,52040
Nuevo León,40 Años,40,Mujeres,50974
Nuevo León,41 Años,41,Hombres,33131
Nuevo León,41 Años,41,Mujeres,33641
Nuevo León,42 Años,42,Hombres,45763
Nuevo León,42 Años,42,Mujeres,45279
Nuevo León,43 Años,43,Hombres,39490
Nuevo León,43 Años,43,Mujeres,39704
Nuevo León,44 Años,44,Hombres,34520
Nuevo León,44 Años,44,Mujeres,34948
Nuevo León,45 Años,45,Hombres,46419
Nuevo León,45 Años,45,Mujeres,45180
Nuevo León,46 Años,46,Hombres,36393
Nuevo León,46 Años,46,Mujeres,37507
Nuevo León,47 Años,47,Hombres,38091
Nuevo León,47 Años,47,Mujeres,37659
Nuevo León,48 Años,48,Hombres,37959
Nuevo León,48 Años,48,Mujeres,37766
Nuevo León,49 Años,49,Hombres,35292
Nuevo León,49 Años,49,Mujeres,35412
Nuevo León,50 Años,50,Hombres,43485
Nuevo León,50 Años,50,Mujeres,44411
Nuevo León,51 Años,51,Hombres,26906
Nuevo León,51 Años,51,Mujeres,28053
Nuevo León,52 Años,52,Hombres,34512
Nuevo León,52 Años,52,Mujeres,35837
Nuevo León,53 Años,53,Hombres,30800
Nuevo León,53 Años,53,Mujeres,31187
Nuevo León,54 Años,54,Hombres,28789
Nuevo León,54 Años,54,Mujeres,30459
Nuevo León,55 Años,55,Hombres,29446
Nuevo León,55 Años,55,Mujeres,30756
Nuevo León,56 Años,56,Hombres,27049
Nuevo León,56 Años,56,Mujeres,27839
Nuevo León,57 Años,57,Hombres,23339
Nuevo León,57 Años,57,Mujeres,24391
Nuevo León,58 Años,58,Hombres,24238
Nuevo León,58 Años,58,Mujeres,25948
Nuevo León,59 Años,59,Hombres,22899
Nuevo León,59 Años,59,Mujeres,24140
Nuevo León,60 Años,60,Hombres,28043
Nuevo León,60 Años,60,Mujeres,30415
Nuevo León,61 Años,61,Hombres,17258
Nuevo León,61 Años,61,Mujeres,19220
Nuevo León,62 Años,62,Hombres,21495
Nuevo León,62 Años,62,Mujeres,23328
Nuevo León,63 Años,63,Hombres,19604
Nuevo León,63 Años,63,Mujeres,21340
Nuevo León,64 Años,64,Hombres,17297
Nuevo León,64 Años,64,Mujeres,19238
Nuevo León,65 Años,65,Hombres,19055
Nuevo León,65 Años,65,Mujeres,21190
Nuevo León,66 Años,66,Hombres,13192
Nuevo León,66 Años,66,Mujeres,15065
Nuevo León,67 Años,67,Hombres,13611
Nuevo León,67 Años,67,Mujeres,14797
Nuevo León,68 Años,68,Hombres,15202
Nuevo León,68 Años,68,Mujeres,17425
Nuevo León,69 Años,69,Hombres,11706
Nuevo León,69 Años,69,Mujeres,13165
Nuevo León,70 Años,70,Hombres,13813
Nuevo León,70 Años,70,Mujeres,16003
Nuevo León,71 Años,71,Hombres,9190
Nuevo León,71 Años,71,Mujeres,10577
Nuevo León,72 Años,72,Hombres,11811
Nuevo León,72 Años,72,Mujeres,13383
Nuevo León,73 Años,73,Hombres,9681
Nuevo León,73 Años,73,Mujeres,11383
Nuevo León,74 Años,74,Hombres,9145
Nuevo León,74 Años,74,Mujeres,10836
Nuevo León,75 Años,75,Hombres,9065
Nuevo León,75 Años,75,Mujeres,10697
Nuevo León,76 Años,76,Hombres,7373
Nuevo León,76 Años,76,Mujeres,8945
Nuevo León,77 Años,77,Hombres,6406
Nuevo León,77 Años,77,Mujeres,7633
Nuevo León,78 Años,78,Hombres,7030
Nuevo León,78 Años,78,Mujeres,7999
Nuevo León,79 Años,79,Hombres,5649
Nuevo León,79 Años,79,Mujeres,6530
Nuevo León,80 Años,80,Hombres,6324
Nuevo León,80 Años,80,Mujeres,8075
Nuevo León,81 Años,81,Hombres,3788
Nuevo León,81 Años,81,Mujeres,4659
Nuevo León,82 Años,82,Hombres,4319
Nuevo León,82 Años,82,Mujeres,5507
Nuevo León,83 Años,83,Hombres,4131
Nuevo León,83 Años,83,Mujeres,5202
Nuevo León,84 Años,84,Hombres,3507
Nuevo León,84 Años,84,Mujeres,4838
Nuevo León,85 Años,85,Hombres,3141
Nuevo León,85 Años,85,Mujeres,4359
Nuevo León,86 Años,86,Hombres,2411
Nuevo León,86 Años,86,Mujeres,3396
Nuevo León,87 Años,87,Hombres,1884
Nuevo León,87 Años,87,Mujeres,2607
Nuevo León,88 Años,88,Hombres,1500
Nuevo León,88 Años,88,Mujeres,2298
Nuevo León,89 Años,89,Hombres,1364
Nuevo León,89 Años,89,Mujeres,2063
Nuevo León,90 Años,90,Hombres,1388
Nuevo León,90 Años,90,Mujeres,2110
Nuevo León,91 Años,91,Hombres,672
Nuevo León,91 Años,91,Mujeres,1195
Nuevo León,92 Años,92,Hombres,815
Nuevo León,92 Años,92,Mujeres,1283
Nuevo León,93 Años,93,Hombres,617
Nuevo León,93 Años,93,Mujeres,1017
Nuevo León,94 Años,94,Hombres,411
Nuevo León,94 Años,94,Mujeres,857
Nuevo León,95 Años,95,Hombres,396
Nuevo León,95 Años,95,Mujeres,695
Nuevo León,96 Años,96,Hombres,285
Nuevo León,96 Años,96,Mujeres,429
Nuevo León,97 Años,97,Hombres,186
Nuevo León,97 Años,97,Mujeres,357
Nuevo León,98 Años,98,Hombres,162
Nuevo León,98 Años,98,Mujeres,262
Nuevo León,99 Años,99,Hombres,104
Nuevo León,99 Años,99,Mujeres,221
Nuevo León,100 años y más,100,Hombres,116
Nuevo León,100 años y más,100,Mujeres,304
Nuevo León,No especificado,NA,Hombres,9049
Nuevo León,No especificado,NA,Mujeres,9083
Oaxaca,0 Años,0,Hombres,33507
Oaxaca,0 Años,0,Mujeres,32719
Oaxaca,1 Año,1,Hombres,34320
Oaxaca,1 Año,1,Mujeres,34076
Oaxaca,2 Años,2,Hombres,35912
Oaxaca,2 Años,2,Mujeres,34926
Oaxaca,3 Años,3,Hombres,37090
Oaxaca,3 Años,3,Mujeres,37005
Oaxaca,4 Años,4,Hombres,40474
Oaxaca,4 Años,4,Mujeres,39824
Oaxaca,5 Años,5,Hombres,40589
Oaxaca,5 Años,5,Mujeres,39668
Oaxaca,6 Años,6,Hombres,36675
Oaxaca,6 Años,6,Mujeres,36939
Oaxaca,7 Años,7,Hombres,39004
Oaxaca,7 Años,7,Mujeres,38041
Oaxaca,8 Años,8,Hombres,41029
Oaxaca,8 Años,8,Mujeres,39874
Oaxaca,9 Años,9,Hombres,38204
Oaxaca,9 Años,9,Mujeres,38736
Oaxaca,10 Años,10,Hombres,42204
Oaxaca,10 Años,10,Mujeres,40679
Oaxaca,11 Años,11,Hombres,38219
Oaxaca,11 Años,11,Mujeres,37871
Oaxaca,12 Años,12,Hombres,41415
Oaxaca,12 Años,12,Mujeres,40111
Oaxaca,13 Años,13,Hombres,40102
Oaxaca,13 Años,13,Mujeres,39120
Oaxaca,14 Años,14,Hombres,39646
Oaxaca,14 Años,14,Mujeres,38995
Oaxaca,15 Años,15,Hombres,39213
Oaxaca,15 Años,15,Mujeres,39132
Oaxaca,16 Años,16,Hombres,36310
Oaxaca,16 Años,16,Mujeres,36147
Oaxaca,17 Años,17,Hombres,37692
Oaxaca,17 Años,17,Mujeres,37447
Oaxaca,18 Años,18,Hombres,36724
Oaxaca,18 Años,18,Mujeres,36127
Oaxaca,19 Años,19,Hombres,29034
Oaxaca,19 Años,19,Mujeres,30882
Oaxaca,20 Años,20,Hombres,33109
Oaxaca,20 Años,20,Mujeres,35778
Oaxaca,21 Años,21,Hombres,25561
Oaxaca,21 Años,21,Mujeres,28262
Oaxaca,22 Años,22,Hombres,30359
Oaxaca,22 Años,22,Mujeres,32915
Oaxaca,23 Años,23,Hombres,29177
Oaxaca,23 Años,23,Mujeres,32570
Oaxaca,24 Años,24,Hombres,28931
Oaxaca,24 Años,24,Mujeres,33645
Oaxaca,25 Años,25,Hombres,30811
Oaxaca,25 Años,25,Mujeres,35622
Oaxaca,26 Años,26,Hombres,27530
Oaxaca,26 Años,26,Mujeres,32977
Oaxaca,27 Años,27,Hombres,27830
Oaxaca,27 Años,27,Mujeres,32506
Oaxaca,28 Años,28,Hombres,28903
Oaxaca,28 Años,28,Mujeres,33426
Oaxaca,29 Años,29,Hombres,26307
Oaxaca,29 Años,29,Mujeres,31212
Oaxaca,30 Años,30,Hombres,34268
Oaxaca,30 Años,30,Mujeres,39476
Oaxaca,31 Años,31,Hombres,20757
Oaxaca,31 Años,31,Mujeres,25002
Oaxaca,32 Años,32,Hombres,28073
Oaxaca,32 Años,32,Mujeres,33019
Oaxaca,33 Años,33,Hombres,25127
Oaxaca,33 Años,33,Mujeres,29989
Oaxaca,34 Años,34,Hombres,24699
Oaxaca,34 Años,34,Mujeres,28869
Oaxaca,35 Años,35,Hombres,27780
Oaxaca,35 Años,35,Mujeres,32530
Oaxaca,36 Años,36,Hombres,25459
Oaxaca,36 Años,36,Mujeres,29658
Oaxaca,37 Años,37,Hombres,22612
Oaxaca,37 Años,37,Mujeres,26550
Oaxaca,38 Años,38,Hombres,28084
Oaxaca,38 Años,38,Mujeres,32078
Oaxaca,39 Años,39,Hombres,23962
Oaxaca,39 Años,39,Mujeres,27783
Oaxaca,40 Años,40,Hombres,32297
Oaxaca,40 Años,40,Mujeres,37018
Oaxaca,41 Años,41,Hombres,18117
Oaxaca,41 Años,41,Mujeres,21070
Oaxaca,42 Años,42,Hombres,27175
Oaxaca,42 Años,42,Mujeres,31020
Oaxaca,43 Años,43,Hombres,22390
Oaxaca,43 Años,43,Mujeres,26205
Oaxaca,44 Años,44,Hombres,20405
Oaxaca,44 Años,44,Mujeres,23781
Oaxaca,45 Años,45,Hombres,25406
Oaxaca,45 Años,45,Mujeres,29275
Oaxaca,46 Años,46,Hombres,20185
Oaxaca,46 Años,46,Mujeres,23510
Oaxaca,47 Años,47,Hombres,20543
Oaxaca,47 Años,47,Mujeres,23355
Oaxaca,48 Años,48,Hombres,22321
Oaxaca,48 Años,48,Mujeres,25809
Oaxaca,49 Años,49,Hombres,20283
Oaxaca,49 Años,49,Mujeres,23284
Oaxaca,50 Años,50,Hombres,25675
Oaxaca,50 Años,50,Mujeres,29327
Oaxaca,51 Años,51,Hombres,14701
Oaxaca,51 Años,51,Mujeres,17356
Oaxaca,52 Años,52,Hombres,20408
Oaxaca,52 Años,52,Mujeres,23659
Oaxaca,53 Años,53,Hombres,18019
Oaxaca,53 Años,53,Mujeres,21316
Oaxaca,54 Años,54,Hombres,18059
Oaxaca,54 Años,54,Mujeres,21918
Oaxaca,55 Años,55,Hombres,19051
Oaxaca,55 Años,55,Mujeres,21972
Oaxaca,56 Años,56,Hombres,17686
Oaxaca,56 Años,56,Mujeres,19884
Oaxaca,57 Años,57,Hombres,14597
Oaxaca,57 Años,57,Mujeres,17258
Oaxaca,58 Años,58,Hombres,16258
Oaxaca,58 Años,58,Mujeres,19224
Oaxaca,59 Años,59,Hombres,15415
Oaxaca,59 Años,59,Mujeres,18063
Oaxaca,60 Años,60,Hombres,19657
Oaxaca,60 Años,60,Mujeres,22905
Oaxaca,61 Años,61,Hombres,10816
Oaxaca,61 Años,61,Mujeres,12594
Oaxaca,62 Años,62,Hombres,13948
Oaxaca,62 Años,62,Mujeres,16179
Oaxaca,63 Años,63,Hombres,13898
Oaxaca,63 Años,63,Mujeres,16120
Oaxaca,64 Años,64,Hombres,13816
Oaxaca,64 Años,64,Mujeres,15847
Oaxaca,65 Años,65,Hombres,15406
Oaxaca,65 Años,65,Mujeres,17781
Oaxaca,66 Años,66,Hombres,11145
Oaxaca,66 Años,66,Mujeres,12978
Oaxaca,67 Años,67,Hombres,11156
Oaxaca,67 Años,67,Mujeres,12899
Oaxaca,68 Años,68,Hombres,11863
Oaxaca,68 Años,68,Mujeres,13863
Oaxaca,69 Años,69,Hombres,9302
Oaxaca,69 Años,69,Mujeres,10801
Oaxaca,70 Años,70,Hombres,12103
Oaxaca,70 Años,70,Mujeres,14074
Oaxaca,71 Años,71,Hombres,6618
Oaxaca,71 Años,71,Mujeres,7163
Oaxaca,72 Años,72,Hombres,9421
Oaxaca,72 Años,72,Mujeres,10440
Oaxaca,73 Años,73,Hombres,7936
Oaxaca,73 Años,73,Mujeres,9118
Oaxaca,74 Años,74,Hombres,7650
Oaxaca,74 Años,74,Mujeres,9169
Oaxaca,75 Años,75,Hombres,8583
Oaxaca,75 Años,75,Mujeres,10002
Oaxaca,76 Años,76,Hombres,6973
Oaxaca,76 Años,76,Mujeres,7867
Oaxaca,77 Años,77,Hombres,6312
Oaxaca,77 Años,77,Mujeres,6847
Oaxaca,78 Años,78,Hombres,7026
Oaxaca,78 Años,78,Mujeres,7858
Oaxaca,79 Años,79,Hombres,5404
Oaxaca,79 Años,79,Mujeres,6246
Oaxaca,80 Años,80,Hombres,6920
Oaxaca,80 Años,80,Mujeres,8536
Oaxaca,81 Años,81,Hombres,3604
Oaxaca,81 Años,81,Mujeres,3786
Oaxaca,82 Años,82,Hombres,4463
Oaxaca,82 Años,82,Mujeres,5084
Oaxaca,83 Años,83,Hombres,3949
Oaxaca,83 Años,83,Mujeres,4827
Oaxaca,84 Años,84,Hombres,4234
Oaxaca,84 Años,84,Mujeres,5311
Oaxaca,85 Años,85,Hombres,4171
Oaxaca,85 Años,85,Mujeres,5105
Oaxaca,86 Años,86,Hombres,3202
Oaxaca,86 Años,86,Mujeres,3771
Oaxaca,87 Años,87,Hombres,2569
Oaxaca,87 Años,87,Mujeres,3215
Oaxaca,88 Años,88,Hombres,2279
Oaxaca,88 Años,88,Mujeres,2724
Oaxaca,89 Años,89,Hombres,1995
Oaxaca,89 Años,89,Mujeres,2404
Oaxaca,90 Años,90,Hombres,2093
Oaxaca,90 Años,90,Mujeres,2813
Oaxaca,91 Años,91,Hombres,897
Oaxaca,91 Años,91,Mujeres,1046
Oaxaca,92 Años,92,Hombres,994
Oaxaca,92 Años,92,Mujeres,1220
Oaxaca,93 Años,93,Hombres,813
Oaxaca,93 Años,93,Mujeres,1045
Oaxaca,94 Años,94,Hombres,753
Oaxaca,94 Años,94,Mujeres,956
Oaxaca,95 Años,95,Hombres,657
Oaxaca,95 Años,95,Mujeres,856
Oaxaca,96 Años,96,Hombres,504
Oaxaca,96 Años,96,Mujeres,669
Oaxaca,97 Años,97,Hombres,339
Oaxaca,97 Años,97,Mujeres,449
Oaxaca,98 Años,98,Hombres,322
Oaxaca,98 Años,98,Mujeres,464
Oaxaca,99 Años,99,Hombres,258
Oaxaca,99 Años,99,Mujeres,380
Oaxaca,100 años y más,100,Hombres,433
Oaxaca,100 años y más,100,Mujeres,683
Oaxaca,No especificado,NA,Hombres,4668
Oaxaca,No especificado,NA,Mujeres,4720
Puebla,0 Años,0,Hombres,54783
Puebla,0 Años,0,Mujeres,53641
Puebla,1 Año,1,Hombres,56315
Puebla,1 Año,1,Mujeres,55313
Puebla,2 Años,2,Hombres,60029
Puebla,2 Años,2,Mujeres,58944
Puebla,3 Años,3,Hombres,60003
Puebla,3 Años,3,Mujeres,59228
Puebla,4 Años,4,Hombres,61136
Puebla,4 Años,4,Mujeres,59387
Puebla,5 Años,5,Hombres,61596
Puebla,5 Años,5,Mujeres,59612
Puebla,6 Años,6,Hombres,58244
Puebla,6 Años,6,Mujeres,57459
Puebla,7 Años,7,Hombres,60564
Puebla,7 Años,7,Mujeres,59487
Puebla,8 Años,8,Hombres,63397
Puebla,8 Años,8,Mujeres,61717
Puebla,9 Años,9,Hombres,58387
Puebla,9 Años,9,Mujeres,58087
Puebla,10 Años,10,Hombres,64633
Puebla,10 Años,10,Mujeres,61774
Puebla,11 Años,11,Hombres,57913
Puebla,11 Años,11,Mujeres,56762
Puebla,12 Años,12,Hombres,62958
Puebla,12 Años,12,Mujeres,60835
Puebla,13 Años,13,Hombres,59981
Puebla,13 Años,13,Mujeres,58729
Puebla,14 Años,14,Hombres,60368
Puebla,14 Años,14,Mujeres,59422
Puebla,15 Años,15,Hombres,62916
Puebla,15 Años,15,Mujeres,61226
Puebla,16 Años,16,Hombres,59456
Puebla,16 Años,16,Mujeres,58553
Puebla,17 Años,17,Hombres,63764
Puebla,17 Años,17,Mujeres,61716
Puebla,18 Años,18,Hombres,65297
Puebla,18 Años,18,Mujeres,64522
Puebla,19 Años,19,Hombres,54394
Puebla,19 Años,19,Mujeres,55356
Puebla,20 Años,20,Hombres,63481
Puebla,20 Años,20,Mujeres,65132
Puebla,21 Años,21,Hombres,50416
Puebla,21 Años,21,Mujeres,52033
Puebla,22 Años,22,Hombres,57714
Puebla,22 Años,22,Mujeres,59586
Puebla,23 Años,23,Hombres,54059
Puebla,23 Años,23,Mujeres,56617
Puebla,24 Años,24,Hombres,53704
Puebla,24 Años,24,Mujeres,57904
Puebla,25 Años,25,Hombres,56583
Puebla,25 Años,25,Mujeres,61421
Puebla,26 Años,26,Hombres,49576
Puebla,26 Años,26,Mujeres,55444
Puebla,27 Años,27,Hombres,49416
Puebla,27 Años,27,Mujeres,53195
Puebla,28 Años,28,Hombres,51353
Puebla,28 Años,28,Mujeres,56149
Puebla,29 Años,29,Hombres,44971
Puebla,29 Años,29,Mujeres,50181
Puebla,30 Años,30,Hombres,57368
Puebla,30 Años,30,Mujeres,64633
Puebla,31 Años,31,Hombres,35062
Puebla,31 Años,31,Mujeres,40445
Puebla,32 Años,32,Hombres,47342
Puebla,32 Años,32,Mujeres,54373
Puebla,33 Años,33,Hombres,40816
Puebla,33 Años,33,Mujeres,48094
Puebla,34 Años,34,Hombres,40557
Puebla,34 Años,34,Mujeres,47164
Puebla,35 Años,35,Hombres,47027
Puebla,35 Años,35,Mujeres,53852
Puebla,36 Años,36,Hombres,42442
Puebla,36 Años,36,Mujeres,49964
Puebla,37 Años,37,Hombres,37185
Puebla,37 Años,37,Mujeres,43071
Puebla,38 Años,38,Hombres,47193
Puebla,38 Años,38,Mujeres,53643
Puebla,39 Años,39,Hombres,38673
Puebla,39 Años,39,Mujeres,44814
Puebla,40 Años,40,Hombres,52972
Puebla,40 Años,40,Mujeres,60845
Puebla,41 Años,41,Hombres,28930
Puebla,41 Años,41,Mujeres,34301
Puebla,42 Años,42,Hombres,45421
Puebla,42 Años,42,Mujeres,51980
Puebla,43 Años,43,Hombres,36727
Puebla,43 Años,43,Mujeres,42965
Puebla,44 Años,44,Hombres,32500
Puebla,44 Años,44,Mujeres,38448
Puebla,45 Años,45,Hombres,43557
Puebla,45 Años,45,Mujeres,48931
Puebla,46 Años,46,Hombres,33246
Puebla,46 Años,46,Mujeres,38999
Puebla,47 Años,47,Hombres,33815
Puebla,47 Años,47,Mujeres,37929
Puebla,48 Años,48,Hombres,35632
Puebla,48 Años,48,Mujeres,41906
Puebla,49 Años,49,Hombres,31956
Puebla,49 Años,49,Mujeres,36894
Puebla,50 Años,50,Hombres,41515
Puebla,50 Años,50,Mujeres,48480
Puebla,51 Años,51,Hombres,23313
Puebla,51 Años,51,Mujeres,27521
Puebla,52 Años,52,Hombres,32873
Puebla,52 Años,52,Mujeres,38663
Puebla,53 Años,53,Hombres,27595
Puebla,53 Años,53,Mujeres,32873
Puebla,54 Años,54,Hombres,27743
Puebla,54 Años,54,Mujeres,34021
Puebla,55 Años,55,Hombres,28761
Puebla,55 Años,55,Mujeres,33974
Puebla,56 Años,56,Hombres,27147
Puebla,56 Años,56,Mujeres,31249
Puebla,57 Años,57,Hombres,21300
Puebla,57 Años,57,Mujeres,25298
Puebla,58 Años,58,Hombres,24414
Puebla,58 Años,58,Mujeres,28796
Puebla,59 Años,59,Hombres,21983
Puebla,59 Años,59,Mujeres,26158
Puebla,60 Años,60,Hombres,29501
Puebla,60 Años,60,Mujeres,35038
Puebla,61 Años,61,Hombres,15311
Puebla,61 Años,61,Mujeres,18706
Puebla,62 Años,62,Hombres,20890
Puebla,62 Años,62,Mujeres,24979
Puebla,63 Años,63,Hombres,20091
Puebla,63 Años,63,Mujeres,23877
Puebla,64 Años,64,Hombres,18576
Puebla,64 Años,64,Mujeres,22395
Puebla,65 Años,65,Hombres,22147
Puebla,65 Años,65,Mujeres,26458
Puebla,66 Años,66,Hombres,14875
Puebla,66 Años,66,Mujeres,18089
Puebla,67 Años,67,Hombres,15109
Puebla,67 Años,67,Mujeres,17372
Puebla,68 Años,68,Hombres,16642
Puebla,68 Años,68,Mujeres,20352
Puebla,69 Años,69,Hombres,12119
Puebla,69 Años,69,Mujeres,14713
Puebla,70 Años,70,Hombres,15728
Puebla,70 Años,70,Mujeres,19448
Puebla,71 Años,71,Hombres,8598
Puebla,71 Años,71,Mujeres,10205
Puebla,72 Años,72,Hombres,12982
Puebla,72 Años,72,Mujeres,15138
Puebla,73 Años,73,Hombres,10492
Puebla,73 Años,73,Mujeres,12795
Puebla,74 Años,74,Hombres,10204
Puebla,74 Años,74,Mujeres,12784
Puebla,75 Años,75,Hombres,10898
Puebla,75 Años,75,Mujeres,12674
Puebla,76 Años,76,Hombres,8819
Puebla,76 Años,76,Mujeres,10639
Puebla,77 Años,77,Hombres,7025
Puebla,77 Años,77,Mujeres,8415
Puebla,78 Años,78,Hombres,8738
Puebla,78 Años,78,Mujeres,10366
Puebla,79 Años,79,Hombres,6319
Puebla,79 Años,79,Mujeres,7601
Puebla,80 Años,80,Hombres,7639
Puebla,80 Años,80,Mujeres,10107
Puebla,81 Años,81,Hombres,3838
Puebla,81 Años,81,Mujeres,4859
Puebla,82 Años,82,Hombres,5107
Puebla,82 Años,82,Mujeres,6762
Puebla,83 Años,83,Hombres,4782
Puebla,83 Años,83,Mujeres,6229
Puebla,84 Años,84,Hombres,4736
Puebla,84 Años,84,Mujeres,6295
Puebla,85 Años,85,Hombres,4463
Puebla,85 Años,85,Mujeres,5980
Puebla,86 Años,86,Hombres,3403
Puebla,86 Años,86,Mujeres,4815
Puebla,87 Años,87,Hombres,2907
Puebla,87 Años,87,Mujeres,4026
Puebla,88 Años,88,Hombres,2419
Puebla,88 Años,88,Mujeres,3219
Puebla,89 Años,89,Hombres,2148
Puebla,89 Años,89,Mujeres,3111
Puebla,90 Años,90,Hombres,2161
Puebla,90 Años,90,Mujeres,3209
Puebla,91 Años,91,Hombres,908
Puebla,91 Años,91,Mujeres,1377
Puebla,92 Años,92,Hombres,1033
Puebla,92 Años,92,Mujeres,1612
Puebla,93 Años,93,Hombres,983
Puebla,93 Años,93,Mujeres,1387
Puebla,94 Años,94,Hombres,818
Puebla,94 Años,94,Mujeres,1282
Puebla,95 Años,95,Hombres,652
Puebla,95 Años,95,Mujeres,1066
Puebla,96 Años,96,Hombres,511
Puebla,96 Años,96,Mujeres,867
Puebla,97 Años,97,Hombres,342
Puebla,97 Años,97,Mujeres,605
Puebla,98 Años,98,Hombres,334
Puebla,98 Años,98,Mujeres,606
Puebla,99 Años,99,Hombres,238
Puebla,99 Años,99,Mujeres,410
Puebla,100 años y más,100,Hombres,335
Puebla,100 años y más,100,Mujeres,730
Puebla,No especificado,NA,Hombres,2822
Puebla,No especificado,NA,Mujeres,2849
Querétaro,0 Años,0,Hombres,17044
Querétaro,0 Años,0,Mujeres,17075
Querétaro,1 Año,1,Hombres,18055
Querétaro,1 Año,1,Mujeres,17753
Querétaro,2 Años,2,Hombres,19252
Querétaro,2 Años,2,Mujeres,19050
Querétaro,3 Años,3,Hombres,20058
Querétaro,3 Años,3,Mujeres,19582
Querétaro,4 Años,4,Hombres,20114
Querétaro,4 Años,4,Mujeres,19910
Querétaro,5 Años,5,Hombres,20374
Querétaro,5 Años,5,Mujeres,19239
Querétaro,6 Años,6,Hombres,19475
Querétaro,6 Años,6,Mujeres,19166
Querétaro,7 Años,7,Hombres,20237
Querétaro,7 Años,7,Mujeres,19449
Querétaro,8 Años,8,Hombres,20678
Querétaro,8 Años,8,Mujeres,20004
Querétaro,9 Años,9,Hombres,19194
Querétaro,9 Años,9,Mujeres,19153
Querétaro,10 Años,10,Hombres,21564
Querétaro,10 Años,10,Mujeres,20659
Querétaro,11 Años,11,Hombres,19538
Querétaro,11 Años,11,Mujeres,18881
Querétaro,12 Años,12,Hombres,20996
Querétaro,12 Años,12,Mujeres,20116
Querétaro,13 Años,13,Hombres,19470
Querétaro,13 Años,13,Mujeres,19111
Querétaro,14 Años,14,Hombres,19279
Querétaro,14 Años,14,Mujeres,18987
Querétaro,15 Años,15,Hombres,19871
Querétaro,15 Años,15,Mujeres,19575
Querétaro,16 Años,16,Hombres,19007
Querétaro,16 Años,16,Mujeres,18797
Querétaro,17 Años,17,Hombres,20262
Querétaro,17 Años,17,Mujeres,19550
Querétaro,18 Años,18,Hombres,21643
Querétaro,18 Años,18,Mujeres,21079
Querétaro,19 Años,19,Hombres,19058
Querétaro,19 Años,19,Mujeres,19299
Querétaro,20 Años,20,Hombres,22361
Querétaro,20 Años,20,Mujeres,22582
Querétaro,21 Años,21,Hombres,18801
Querétaro,21 Años,21,Mujeres,18586
Querétaro,22 Años,22,Hombres,21503
Querétaro,22 Años,22,Mujeres,21073
Querétaro,23 Años,23,Hombres,20679
Querétaro,23 Años,23,Mujeres,20914
Querétaro,24 Años,24,Hombres,21003
Querétaro,24 Años,24,Mujeres,21537
Querétaro,25 Años,25,Hombres,23061
Querétaro,25 Años,25,Mujeres,23574
Querétaro,26 Años,26,Hombres,20811
Querétaro,26 Años,26,Mujeres,21915
Querétaro,27 Años,27,Hombres,20929
Querétaro,27 Años,27,Mujeres,21235
Querétaro,28 Años,28,Hombres,21946
Querétaro,28 Años,28,Mujeres,21858
Querétaro,29 Años,29,Hombres,18796
Querétaro,29 Años,29,Mujeres,20014
Querétaro,30 Años,30,Hombres,23876
Querétaro,30 Años,30,Mujeres,25287
Querétaro,31 Años,31,Hombres,15861
Querétaro,31 Años,31,Mujeres,16525
Querétaro,32 Años,32,Hombres,20121
Querétaro,32 Años,32,Mujeres,21335
Querétaro,33 Años,33,Hombres,17365
Querétaro,33 Años,33,Mujeres,18860
Querétaro,34 Años,34,Hombres,17070
Querétaro,34 Años,34,Mujeres,18276
Querétaro,35 Años,35,Hombres,19935
Querétaro,35 Años,35,Mujeres,20993
Querétaro,36 Años,36,Hombres,17715
Querétaro,36 Años,36,Mujeres,19201
Querétaro,37 Años,37,Hombres,15789
Querétaro,37 Años,37,Mujeres,17127
Querétaro,38 Años,38,Hombres,18750
Querétaro,38 Años,38,Mujeres,19984
Querétaro,39 Años,39,Hombres,15778
Querétaro,39 Años,39,Mujeres,17471
Querétaro,40 Años,40,Hombres,21180
Querétaro,40 Años,40,Mujeres,22659
Querétaro,41 Años,41,Hombres,12231
Querétaro,41 Años,41,Mujeres,13491
Querétaro,42 Años,42,Hombres,17601
Querétaro,42 Años,42,Mujeres,19414
Querétaro,43 Años,43,Hombres,15220
Querétaro,43 Años,43,Mujeres,16600
Querétaro,44 Años,44,Hombres,13086
Querétaro,44 Años,44,Mujeres,14246
Querétaro,45 Años,45,Hombres,17843
Querétaro,45 Años,45,Mujeres,19155
Querétaro,46 Años,46,Hombres,13621
Querétaro,46 Años,46,Mujeres,14920
Querétaro,47 Años,47,Hombres,13671
Querétaro,47 Años,47,Mujeres,14720
Querétaro,48 Años,48,Hombres,14054
Querétaro,48 Años,48,Mujeres,15497
Querétaro,49 Años,49,Hombres,12652
Querétaro,49 Años,49,Mujeres,13699
Querétaro,50 Años,50,Hombres,16140
Querétaro,50 Años,50,Mujeres,17978
Querétaro,51 Años,51,Hombres,9220
Querétaro,51 Años,51,Mujeres,10452
Querétaro,52 Años,52,Hombres,12724
Querétaro,52 Años,52,Mujeres,14173
Querétaro,53 Años,53,Hombres,10662
Querétaro,53 Años,53,Mujeres,12011
Querétaro,54 Años,54,Hombres,10263
Querétaro,54 Años,54,Mujeres,12234
Querétaro,55 Años,55,Hombres,10783
Querétaro,55 Años,55,Mujeres,12259
Querétaro,56 Años,56,Hombres,10075
Querétaro,56 Años,56,Mujeres,11118
Querétaro,57 Años,57,Hombres,8184
Querétaro,57 Años,57,Mujeres,9332
Querétaro,58 Años,58,Hombres,8971
Querétaro,58 Años,58,Mujeres,9960
Querétaro,59 Años,59,Hombres,8119
Querétaro,59 Años,59,Mujeres,9102
Querétaro,60 Años,60,Hombres,10698
Querétaro,60 Años,60,Mujeres,12069
Querétaro,61 Años,61,Hombres,6009
Querétaro,61 Años,61,Mujeres,6641
Querétaro,62 Años,62,Hombres,7510
Querétaro,62 Años,62,Mujeres,8636
Querétaro,63 Años,63,Hombres,7178
Querétaro,63 Años,63,Mujeres,8193
Querétaro,64 Años,64,Hombres,6374
Querétaro,64 Años,64,Mujeres,7421
Querétaro,65 Años,65,Hombres,7450
Querétaro,65 Años,65,Mujeres,8469
Querétaro,66 Años,66,Hombres,4879
Querétaro,66 Años,66,Mujeres,5887
Querétaro,67 Años,67,Hombres,5074
Querétaro,67 Años,67,Mujeres,5659
Querétaro,68 Años,68,Hombres,5372
Querétaro,68 Años,68,Mujeres,6454
Querétaro,69 Años,69,Hombres,3961
Querétaro,69 Años,69,Mujeres,4628
Querétaro,70 Años,70,Hombres,5038
Querétaro,70 Años,70,Mujeres,5981
Querétaro,71 Años,71,Hombres,2970
Querétaro,71 Años,71,Mujeres,3544
Querétaro,72 Años,72,Hombres,4192
Querétaro,72 Años,72,Mujeres,4754
Querétaro,73 Años,73,Hombres,3375
Querétaro,73 Años,73,Mujeres,4020
Querétaro,74 Años,74,Hombres,3224
Querétaro,74 Años,74,Mujeres,3881
Querétaro,75 Años,75,Hombres,3295
Querétaro,75 Años,75,Mujeres,3986
Querétaro,76 Años,76,Hombres,2660
Querétaro,76 Años,76,Mujeres,3237
Querétaro,77 Años,77,Hombres,2218
Querétaro,77 Años,77,Mujeres,2587
Querétaro,78 Años,78,Hombres,2419
Querétaro,78 Años,78,Mujeres,2869
Querétaro,79 Años,79,Hombres,1924
Querétaro,79 Años,79,Mujeres,2222
Querétaro,80 Años,80,Hombres,2307
Querétaro,80 Años,80,Mujeres,2889
Querétaro,81 Años,81,Hombres,1159
Querétaro,81 Años,81,Mujeres,1493
Querétaro,82 Años,82,Hombres,1488
Querétaro,82 Años,82,Mujeres,1947
Querétaro,83 Años,83,Hombres,1345
Querétaro,83 Años,83,Mujeres,1796
Querétaro,84 Años,84,Hombres,1279
Querétaro,84 Años,84,Mujeres,1618
Querétaro,85 Años,85,Hombres,1209
Querétaro,85 Años,85,Mujeres,1587
Querétaro,86 Años,86,Hombres,951
Querétaro,86 Años,86,Mujeres,1306
Querétaro,87 Años,87,Hombres,824
Querétaro,87 Años,87,Mujeres,1137
Querétaro,88 Años,88,Hombres,634
Querétaro,88 Años,88,Mujeres,912
Querétaro,89 Años,89,Hombres,556
Querétaro,89 Años,89,Mujeres,859
Querétaro,90 Años,90,Hombres,547
Querétaro,90 Años,90,Mujeres,929
Querétaro,91 Años,91,Hombres,261
Querétaro,91 Años,91,Mujeres,435
Querétaro,92 Años,92,Hombres,333
Querétaro,92 Años,92,Mujeres,475
Querétaro,93 Años,93,Hombres,252
Querétaro,93 Años,93,Mujeres,390
Querétaro,94 Años,94,Hombres,203
Querétaro,94 Años,94,Mujeres,370
Querétaro,95 Años,95,Hombres,186
Querétaro,95 Años,95,Mujeres,320
Querétaro,96 Años,96,Hombres,129
Querétaro,96 Años,96,Mujeres,237
Querétaro,97 Años,97,Hombres,114
Querétaro,97 Años,97,Mujeres,161
Querétaro,98 Años,98,Hombres,72
Querétaro,98 Años,98,Mujeres,149
Querétaro,99 Años,99,Hombres,56
Querétaro,99 Años,99,Mujeres,107
Querétaro,100 años y más,100,Hombres,76
Querétaro,100 años y más,100,Mujeres,166
Querétaro,No especificado,NA,Hombres,3400
Querétaro,No especificado,NA,Mujeres,3424
Quintana Roo,0 Años,0,Hombres,13604
Quintana Roo,0 Años,0,Mujeres,13154
Quintana Roo,1 Año,1,Hombres,14206
Quintana Roo,1 Año,1,Mujeres,13677
Quintana Roo,2 Años,2,Hombres,15203
Quintana Roo,2 Años,2,Mujeres,14549
Quintana Roo,3 Años,3,Hombres,15594
Quintana Roo,3 Años,3,Mujeres,15267
Quintana Roo,4 Años,4,Hombres,16551
Quintana Roo,4 Años,4,Mujeres,15926
Quintana Roo,5 Años,5,Hombres,16095
Quintana Roo,5 Años,5,Mujeres,15715
Quintana Roo,6 Años,6,Hombres,15496
Quintana Roo,6 Años,6,Mujeres,15226
Quintana Roo,7 Años,7,Hombres,15680
Quintana Roo,7 Años,7,Mujeres,15361
Quintana Roo,8 Años,8,Hombres,16250
Quintana Roo,8 Años,8,Mujeres,15595
Quintana Roo,9 Años,9,Hombres,15100
Quintana Roo,9 Años,9,Mujeres,14870
Quintana Roo,10 Años,10,Hombres,17027
Quintana Roo,10 Años,10,Mujeres,15982
Quintana Roo,11 Años,11,Hombres,15490
Quintana Roo,11 Años,11,Mujeres,14934
Quintana Roo,12 Años,12,Hombres,16375
Quintana Roo,12 Años,12,Mujeres,15717
Quintana Roo,13 Años,13,Hombres,14661
Quintana Roo,13 Años,13,Mujeres,14667
Quintana Roo,14 Años,14,Hombres,14911
Quintana Roo,14 Años,14,Mujeres,14517
Quintana Roo,15 Años,15,Hombres,14766
Quintana Roo,15 Años,15,Mujeres,14475
Quintana Roo,16 Años,16,Hombres,13819
Quintana Roo,16 Años,16,Mujeres,13682
Quintana Roo,17 Años,17,Hombres,14955
Quintana Roo,17 Años,17,Mujeres,14631
Quintana Roo,18 Años,18,Hombres,16517
Quintana Roo,18 Años,18,Mujeres,16024
Quintana Roo,19 Años,19,Hombres,14459
Quintana Roo,19 Años,19,Mujeres,14221
Quintana Roo,20 Años,20,Hombres,17460
Quintana Roo,20 Años,20,Mujeres,17159
Quintana Roo,21 Años,21,Hombres,14293
Quintana Roo,21 Años,21,Mujeres,13933
Quintana Roo,22 Años,22,Hombres,17102
Quintana Roo,22 Años,22,Mujeres,16022
Quintana Roo,23 Años,23,Hombres,17062
Quintana Roo,23 Años,23,Mujeres,17072
Quintana Roo,24 Años,24,Hombres,17269
Quintana Roo,24 Años,24,Mujeres,17617
Quintana Roo,25 Años,25,Hombres,19841
Quintana Roo,25 Años,25,Mujeres,19741
Quintana Roo,26 Años,26,Hombres,17768
Quintana Roo,26 Años,26,Mujeres,17816
Quintana Roo,27 Años,27,Hombres,18199
Quintana Roo,27 Años,27,Mujeres,17785
Quintana Roo,28 Años,28,Hombres,19913
Quintana Roo,28 Años,28,Mujeres,18967
Quintana Roo,29 Años,29,Hombres,17313
Quintana Roo,29 Años,29,Mujeres,17104
Quintana Roo,30 Años,30,Hombres,23609
Quintana Roo,30 Años,30,Mujeres,22484
Quintana Roo,31 Años,31,Hombres,13906
Quintana Roo,31 Años,31,Mujeres,14128
Quintana Roo,32 Años,32,Hombres,18822
Quintana Roo,32 Años,32,Mujeres,18545
Quintana Roo,33 Años,33,Hombres,16065
Quintana Roo,33 Años,33,Mujeres,16309
Quintana Roo,34 Años,34,Hombres,15646
Quintana Roo,34 Años,34,Mujeres,15619
Quintana Roo,35 Años,35,Hombres,19023
Quintana Roo,35 Años,35,Mujeres,18391
Quintana Roo,36 Años,36,Hombres,16569
Quintana Roo,36 Años,36,Mujeres,16757
Quintana Roo,37 Años,37,Hombres,14059
Quintana Roo,37 Años,37,Mujeres,13790
Quintana Roo,38 Años,38,Hombres,18102
Quintana Roo,38 Años,38,Mujeres,16869
Quintana Roo,39 Años,39,Hombres,13912
Quintana Roo,39 Años,39,Mujeres,14000
Quintana Roo,40 Años,40,Hombres,19630
Quintana Roo,40 Años,40,Mujeres,18888
Quintana Roo,41 Años,41,Hombres,10130
Quintana Roo,41 Años,41,Mujeres,10245
Quintana Roo,42 Años,42,Hombres,15955
Quintana Roo,42 Años,42,Mujeres,15527
Quintana Roo,43 Años,43,Hombres,12747
Quintana Roo,43 Años,43,Mujeres,12660
Quintana Roo,44 Años,44,Hombres,10373
Quintana Roo,44 Años,44,Mujeres,10576
Quintana Roo,45 Años,45,Hombres,15200
Quintana Roo,45 Años,45,Mujeres,14359
Quintana Roo,46 Años,46,Hombres,11154
Quintana Roo,46 Años,46,Mujeres,10950
Quintana Roo,47 Años,47,Hombres,11088
Quintana Roo,47 Años,47,Mujeres,10725
Quintana Roo,48 Años,48,Hombres,11880
Quintana Roo,48 Años,48,Mujeres,11471
Quintana Roo,49 Años,49,Hombres,10232
Quintana Roo,49 Años,49,Mujeres,9986
Quintana Roo,50 Años,50,Hombres,13500
Quintana Roo,50 Años,50,Mujeres,12915
Quintana Roo,51 Años,51,Hombres,7182
Quintana Roo,51 Años,51,Mujeres,7144
Quintana Roo,52 Años,52,Hombres,10377
Quintana Roo,52 Años,52,Mujeres,9773
Quintana Roo,53 Años,53,Hombres,8379
Quintana Roo,53 Años,53,Mujeres,8324
Quintana Roo,54 Años,54,Hombres,8178
Quintana Roo,54 Años,54,Mujeres,8388
Quintana Roo,55 Años,55,Hombres,8340
Quintana Roo,55 Años,55,Mujeres,8234
Quintana Roo,56 Años,56,Hombres,7447
Quintana Roo,56 Años,56,Mujeres,7456
Quintana Roo,57 Años,57,Hombres,5898
Quintana Roo,57 Años,57,Mujeres,5913
Quintana Roo,58 Años,58,Hombres,6268
Quintana Roo,58 Años,58,Mujeres,6178
Quintana Roo,59 Años,59,Hombres,5561
Quintana Roo,59 Años,59,Mujeres,5690
Quintana Roo,60 Años,60,Hombres,7399
Quintana Roo,60 Años,60,Mujeres,7479
Quintana Roo,61 Años,61,Hombres,3608
Quintana Roo,61 Años,61,Mujeres,3870
Quintana Roo,62 Años,62,Hombres,4721
Quintana Roo,62 Años,62,Mujeres,4798
Quintana Roo,63 Años,63,Hombres,4482
Quintana Roo,63 Años,63,Mujeres,4627
Quintana Roo,64 Años,64,Hombres,3965
Quintana Roo,64 Años,64,Mujeres,4372
Quintana Roo,65 Años,65,Hombres,5005
Quintana Roo,65 Años,65,Mujeres,4966
Quintana Roo,66 Años,66,Hombres,3199
Quintana Roo,66 Años,66,Mujeres,3296
Quintana Roo,67 Años,67,Hombres,2926
Quintana Roo,67 Años,67,Mujeres,3152
Quintana Roo,68 Años,68,Hombres,3259
Quintana Roo,68 Años,68,Mujeres,3505
Quintana Roo,69 Años,69,Hombres,2349
Quintana Roo,69 Años,69,Mujeres,2547
Quintana Roo,70 Años,70,Hombres,3117
Quintana Roo,70 Años,70,Mujeres,3265
Quintana Roo,71 Años,71,Hombres,1726
Quintana Roo,71 Años,71,Mujeres,1705
Quintana Roo,72 Años,72,Hombres,2334
Quintana Roo,72 Años,72,Mujeres,2389
Quintana Roo,73 Años,73,Hombres,1894
Quintana Roo,73 Años,73,Mujeres,1865
Quintana Roo,74 Años,74,Hombres,1633
Quintana Roo,74 Años,74,Mujeres,1750
Quintana Roo,75 Años,75,Hombres,1650
Quintana Roo,75 Años,75,Mujeres,1732
Quintana Roo,76 Años,76,Hombres,1333
Quintana Roo,76 Años,76,Mujeres,1368
Quintana Roo,77 Años,77,Hombres,1098
Quintana Roo,77 Años,77,Mujeres,1138
Quintana Roo,78 Años,78,Hombres,1283
Quintana Roo,78 Años,78,Mujeres,1250
Quintana Roo,79 Años,79,Hombres,904
Quintana Roo,79 Años,79,Mujeres,932
Quintana Roo,80 Años,80,Hombres,1138
Quintana Roo,80 Años,80,Mujeres,1209
Quintana Roo,81 Años,81,Hombres,580
Quintana Roo,81 Años,81,Mujeres,560
Quintana Roo,82 Años,82,Hombres,654
Quintana Roo,82 Años,82,Mujeres,726
Quintana Roo,83 Años,83,Hombres,607
Quintana Roo,83 Años,83,Mujeres,681
Quintana Roo,84 Años,84,Hombres,591
Quintana Roo,84 Años,84,Mujeres,675
Quintana Roo,85 Años,85,Hombres,482
Quintana Roo,85 Años,85,Mujeres,545
Quintana Roo,86 Años,86,Hombres,421
Quintana Roo,86 Años,86,Mujeres,500
Quintana Roo,87 Años,87,Hombres,343
Quintana Roo,87 Años,87,Mujeres,412
Quintana Roo,88 Años,88,Hombres,271
Quintana Roo,88 Años,88,Mujeres,318
Quintana Roo,89 Años,89,Hombres,212
Quintana Roo,89 Años,89,Mujeres,271
Quintana Roo,90 Años,90,Hombres,211
Quintana Roo,90 Años,90,Mujeres,293
Quintana Roo,91 Años,91,Hombres,78
Quintana Roo,91 Años,91,Mujeres,114
Quintana Roo,92 Años,92,Hombres,113
Quintana Roo,92 Años,92,Mujeres,153
Quintana Roo,93 Años,93,Hombres,82
Quintana Roo,93 Años,93,Mujeres,119
Quintana Roo,94 Años,94,Hombres,80
Quintana Roo,94 Años,94,Mujeres,89
Quintana Roo,95 Años,95,Hombres,84
Quintana Roo,95 Años,95,Mujeres,97
Quintana Roo,96 Años,96,Hombres,58
Quintana Roo,96 Años,96,Mujeres,64
Quintana Roo,97 Años,97,Hombres,40
Quintana Roo,97 Años,97,Mujeres,43
Quintana Roo,98 Años,98,Hombres,41
Quintana Roo,98 Años,98,Mujeres,43
Quintana Roo,99 Años,99,Hombres,30
Quintana Roo,99 Años,99,Mujeres,31
Quintana Roo,100 años y más,100,Hombres,66
Quintana Roo,100 años y más,100,Mujeres,36
Quintana Roo,No especificado,NA,Hombres,10501
Quintana Roo,No especificado,NA,Mujeres,10521
San Luis Potosí,0 Años,0,Hombres,21212
San Luis Potosí,0 Años,0,Mujeres,21133
San Luis Potosí,1 Año,1,Hombres,22288
San Luis Potosí,1 Año,1,Mujeres,21674
San Luis Potosí,2 Años,2,Hombres,23325
San Luis Potosí,2 Años,2,Mujeres,23002
San Luis Potosí,3 Años,3,Hombres,24613
San Luis Potosí,3 Años,3,Mujeres,23878
San Luis Potosí,4 Años,4,Hombres,24893
San Luis Potosí,4 Años,4,Mujeres,24913
San Luis Potosí,5 Años,5,Hombres,25122
San Luis Potosí,5 Años,5,Mujeres,24338
San Luis Potosí,6 Años,6,Hombres,23940
San Luis Potosí,6 Años,6,Mujeres,23543
San Luis Potosí,7 Años,7,Hombres,24291
San Luis Potosí,7 Años,7,Mujeres,23808
San Luis Potosí,8 Años,8,Hombres,25472
San Luis Potosí,8 Años,8,Mujeres,24325
San Luis Potosí,9 Años,9,Hombres,24147
San Luis Potosí,9 Años,9,Mujeres,23741
San Luis Potosí,10 Años,10,Hombres,26314
San Luis Potosí,10 Años,10,Mujeres,25426
San Luis Potosí,11 Años,11,Hombres,24632
San Luis Potosí,11 Años,11,Mujeres,23863
San Luis Potosí,12 Años,12,Hombres,26402
San Luis Potosí,12 Años,12,Mujeres,25403
San Luis Potosí,13 Años,13,Hombres,25328
San Luis Potosí,13 Años,13,Mujeres,24699
San Luis Potosí,14 Años,14,Hombres,25578
San Luis Potosí,14 Años,14,Mujeres,25135
San Luis Potosí,15 Años,15,Hombres,26386
San Luis Potosí,15 Años,15,Mujeres,26125
San Luis Potosí,16 Años,16,Hombres,24937
San Luis Potosí,16 Años,16,Mujeres,24227
San Luis Potosí,17 Años,17,Hombres,26199
San Luis Potosí,17 Años,17,Mujeres,25611
San Luis Potosí,18 Años,18,Hombres,27055
San Luis Potosí,18 Años,18,Mujeres,26238
San Luis Potosí,19 Años,19,Hombres,23407
San Luis Potosí,19 Años,19,Mujeres,23612
San Luis Potosí,20 Años,20,Hombres,25656
San Luis Potosí,20 Años,20,Mujeres,26353
San Luis Potosí,21 Años,21,Hombres,20990
San Luis Potosí,21 Años,21,Mujeres,21826
San Luis Potosí,22 Años,22,Hombres,23162
San Luis Potosí,22 Años,22,Mujeres,23779
San Luis Potosí,23 Años,23,Hombres,22102
San Luis Potosí,23 Años,23,Mujeres,23083
San Luis Potosí,24 Años,24,Hombres,21520
San Luis Potosí,24 Años,24,Mujeres,23658
San Luis Potosí,25 Años,25,Hombres,22909
San Luis Potosí,25 Años,25,Mujeres,24522
San Luis Potosí,26 Años,26,Hombres,21025
San Luis Potosí,26 Años,26,Mujeres,23485
San Luis Potosí,27 Años,27,Hombres,21121
San Luis Potosí,27 Años,27,Mujeres,22531
San Luis Potosí,28 Años,28,Hombres,21296
San Luis Potosí,28 Años,28,Mujeres,23131
San Luis Potosí,29 Años,29,Hombres,19681
San Luis Potosí,29 Años,29,Mujeres,21263
San Luis Potosí,30 Años,30,Hombres,24138
San Luis Potosí,30 Años,30,Mujeres,25901
San Luis Potosí,31 Años,31,Hombres,15963
San Luis Potosí,31 Años,31,Mujeres,18395
San Luis Potosí,32 Años,32,Hombres,20327
San Luis Potosí,32 Años,32,Mujeres,22534
San Luis Potosí,33 Años,33,Hombres,18380
San Luis Potosí,33 Años,33,Mujeres,20737
San Luis Potosí,34 Años,34,Hombres,17946
San Luis Potosí,34 Años,34,Mujeres,19967
San Luis Potosí,35 Años,35,Hombres,19864
San Luis Potosí,35 Años,35,Mujeres,21961
San Luis Potosí,36 Años,36,Hombres,18601
San Luis Potosí,36 Años,36,Mujeres,21112
San Luis Potosí,37 Años,37,Hombres,16718
San Luis Potosí,37 Años,37,Mujeres,18661
San Luis Potosí,38 Años,38,Hombres,19072
San Luis Potosí,38 Años,38,Mujeres,20946
San Luis Potosí,39 Años,39,Hombres,16473
San Luis Potosí,39 Años,39,Mujeres,18561
San Luis Potosí,40 Años,40,Hombres,21714
San Luis Potosí,40 Años,40,Mujeres,23543
San Luis Potosí,41 Años,41,Hombres,13317
San Luis Potosí,41 Años,41,Mujeres,15126
San Luis Potosí,42 Años,42,Hombres,19416
San Luis Potosí,42 Años,42,Mujeres,21310
San Luis Potosí,43 Años,43,Hombres,16227
San Luis Potosí,43 Años,43,Mujeres,18321
San Luis Potosí,44 Años,44,Hombres,14720
San Luis Potosí,44 Años,44,Mujeres,16480
San Luis Potosí,45 Años,45,Hombres,19173
San Luis Potosí,45 Años,45,Mujeres,20788
San Luis Potosí,46 Años,46,Hombres,15361
San Luis Potosí,46 Años,46,Mujeres,17099
San Luis Potosí,47 Años,47,Hombres,15592
San Luis Potosí,47 Años,47,Mujeres,16950
San Luis Potosí,48 Años,48,Hombres,15788
San Luis Potosí,48 Años,48,Mujeres,17545
San Luis Potosí,49 Años,49,Hombres,14754
San Luis Potosí,49 Años,49,Mujeres,16403
San Luis Potosí,50 Años,50,Hombres,18538
San Luis Potosí,50 Años,50,Mujeres,20512
San Luis Potosí,51 Años,51,Hombres,11346
San Luis Potosí,51 Años,51,Mujeres,12842
San Luis Potosí,52 Años,52,Hombres,15297
San Luis Potosí,52 Años,52,Mujeres,17045
San Luis Potosí,53 Años,53,Hombres,13469
San Luis Potosí,53 Años,53,Mujeres,15229
San Luis Potosí,54 Años,54,Hombres,13795
San Luis Potosí,54 Años,54,Mujeres,15663
San Luis Potosí,55 Años,55,Hombres,13386
San Luis Potosí,55 Años,55,Mujeres,14984
San Luis Potosí,56 Años,56,Hombres,12769
San Luis Potosí,56 Años,56,Mujeres,14437
San Luis Potosí,57 Años,57,Hombres,10480
San Luis Potosí,57 Años,57,Mujeres,11938
San Luis Potosí,58 Años,58,Hombres,11547
San Luis Potosí,58 Años,58,Mujeres,12856
San Luis Potosí,59 Años,59,Hombres,11112
San Luis Potosí,59 Años,59,Mujeres,12257
San Luis Potosí,60 Años,60,Hombres,13909
San Luis Potosí,60 Años,60,Mujeres,15463
San Luis Potosí,61 Años,61,Hombres,7873
San Luis Potosí,61 Años,61,Mujeres,8961
San Luis Potosí,62 Años,62,Hombres,10411
San Luis Potosí,62 Años,62,Mujeres,11485
San Luis Potosí,63 Años,63,Hombres,9796
San Luis Potosí,63 Años,63,Mujeres,10523
San Luis Potosí,64 Años,64,Hombres,9042
San Luis Potosí,64 Años,64,Mujeres,10172
San Luis Potosí,65 Años,65,Hombres,10223
San Luis Potosí,65 Años,65,Mujeres,11245
San Luis Potosí,66 Años,66,Hombres,7354
San Luis Potosí,66 Años,66,Mujeres,8293
San Luis Potosí,67 Años,67,Hombres,7350
San Luis Potosí,67 Años,67,Mujeres,7801
San Luis Potosí,68 Años,68,Hombres,7911
San Luis Potosí,68 Años,68,Mujeres,8814
San Luis Potosí,69 Años,69,Hombres,6379
San Luis Potosí,69 Años,69,Mujeres,6866
San Luis Potosí,70 Años,70,Hombres,7864
San Luis Potosí,70 Años,70,Mujeres,8731
San Luis Potosí,71 Años,71,Hombres,4928
San Luis Potosí,71 Años,71,Mujeres,5209
San Luis Potosí,72 Años,72,Hombres,6577
San Luis Potosí,72 Años,72,Mujeres,7140
San Luis Potosí,73 Años,73,Hombres,5456
San Luis Potosí,73 Años,73,Mujeres,5969
San Luis Potosí,74 Años,74,Hombres,5331
San Luis Potosí,74 Años,74,Mujeres,5952
San Luis Potosí,75 Años,75,Hombres,5489
San Luis Potosí,75 Años,75,Mujeres,6060
San Luis Potosí,76 Años,76,Hombres,4848
San Luis Potosí,76 Años,76,Mujeres,4994
San Luis Potosí,77 Años,77,Hombres,3907
San Luis Potosí,77 Años,77,Mujeres,4245
San Luis Potosí,78 Años,78,Hombres,4393
San Luis Potosí,78 Años,78,Mujeres,4625
San Luis Potosí,79 Años,79,Hombres,3653
San Luis Potosí,79 Años,79,Mujeres,3771
San Luis Potosí,80 Años,80,Hombres,4157
San Luis Potosí,80 Años,80,Mujeres,4959
San Luis Potosí,81 Años,81,Hombres,2451
San Luis Potosí,81 Años,81,Mujeres,2640
San Luis Potosí,82 Años,82,Hombres,2923
San Luis Potosí,82 Años,82,Mujeres,3356
San Luis Potosí,83 Años,83,Hombres,2722
San Luis Potosí,83 Años,83,Mujeres,3228
San Luis Potosí,84 Años,84,Hombres,2669
San Luis Potosí,84 Años,84,Mujeres,3147
San Luis Potosí,85 Años,85,Hombres,2503
San Luis Potosí,85 Años,85,Mujeres,2827
San Luis Potosí,86 Años,86,Hombres,2029
San Luis Potosí,86 Años,86,Mujeres,2417
San Luis Potosí,87 Años,87,Hombres,1569
San Luis Potosí,87 Años,87,Mujeres,1897
San Luis Potosí,88 Años,88,Hombres,1353
San Luis Potosí,88 Años,88,Mujeres,1582
San Luis Potosí,89 Años,89,Hombres,1244
San Luis Potosí,89 Años,89,Mujeres,1506
San Luis Potosí,90 Años,90,Hombres,1229
San Luis Potosí,90 Años,90,Mujeres,1528
San Luis Potosí,91 Años,91,Hombres,573
San Luis Potosí,91 Años,91,Mujeres,733
San Luis Potosí,92 Años,92,Hombres,685
San Luis Potosí,92 Años,92,Mujeres,915
San Luis Potosí,93 Años,93,Hombres,591
San Luis Potosí,93 Años,93,Mujeres,754
San Luis Potosí,94 Años,94,Hombres,424
San Luis Potosí,94 Años,94,Mujeres,620
San Luis Potosí,95 Años,95,Hombres,338
San Luis Potosí,95 Años,95,Mujeres,565
San Luis Potosí,96 Años,96,Hombres,340
San Luis Potosí,96 Años,96,Mujeres,414
San Luis Potosí,97 Años,97,Hombres,233
San Luis Potosí,97 Años,97,Mujeres,301
San Luis Potosí,98 Años,98,Hombres,170
San Luis Potosí,98 Años,98,Mujeres,228
San Luis Potosí,99 Años,99,Hombres,123
San Luis Potosí,99 Años,99,Mujeres,183
San Luis Potosí,100 años y más,100,Hombres,181
San Luis Potosí,100 años y más,100,Mujeres,279
San Luis Potosí,No especificado,NA,Hombres,964
San Luis Potosí,No especificado,NA,Mujeres,978
Sinaloa,0 Años,0,Hombres,22410
Sinaloa,0 Años,0,Mujeres,21911
Sinaloa,1 Año,1,Hombres,23641
Sinaloa,1 Año,1,Mujeres,22583
Sinaloa,2 Años,2,Hombres,24827
Sinaloa,2 Años,2,Mujeres,24031
Sinaloa,3 Años,3,Hombres,24349
Sinaloa,3 Años,3,Mujeres,23846
Sinaloa,4 Años,4,Hombres,24818
Sinaloa,4 Años,4,Mujeres,23820
Sinaloa,5 Años,5,Hombres,25156
Sinaloa,5 Años,5,Mujeres,23970
Sinaloa,6 Años,6,Hombres,25007
Sinaloa,6 Años,6,Mujeres,24293
Sinaloa,7 Años,7,Hombres,25408
Sinaloa,7 Años,7,Mujeres,24495
Sinaloa,8 Años,8,Hombres,26620
Sinaloa,8 Años,8,Mujeres,25406
Sinaloa,9 Años,9,Hombres,25620
Sinaloa,9 Años,9,Mujeres,24521
Sinaloa,10 Años,10,Hombres,27100
Sinaloa,10 Años,10,Mujeres,26035
Sinaloa,11 Años,11,Hombres,25870
Sinaloa,11 Años,11,Mujeres,24723
Sinaloa,12 Años,12,Hombres,27417
Sinaloa,12 Años,12,Mujeres,26155
Sinaloa,13 Años,13,Hombres,25785
Sinaloa,13 Años,13,Mujeres,25053
Sinaloa,14 Años,14,Hombres,26339
Sinaloa,14 Años,14,Mujeres,25695
Sinaloa,15 Años,15,Hombres,26638
Sinaloa,15 Años,15,Mujeres,25640
Sinaloa,16 Años,16,Hombres,25503
Sinaloa,16 Años,16,Mujeres,24753
Sinaloa,17 Años,17,Hombres,26782
Sinaloa,17 Años,17,Mujeres,26360
Sinaloa,18 Años,18,Hombres,28463
Sinaloa,18 Años,18,Mujeres,27534
Sinaloa,19 Años,19,Hombres,25165
Sinaloa,19 Años,19,Mujeres,24743
Sinaloa,20 Años,20,Hombres,27690
Sinaloa,20 Años,20,Mujeres,28234
Sinaloa,21 Años,21,Hombres,24656
Sinaloa,21 Años,21,Mujeres,24728
Sinaloa,22 Años,22,Hombres,26377
Sinaloa,22 Años,22,Mujeres,25993
Sinaloa,23 Años,23,Hombres,24962
Sinaloa,23 Años,23,Mujeres,25117
Sinaloa,24 Años,24,Hombres,24291
Sinaloa,24 Años,24,Mujeres,24942
Sinaloa,25 Años,25,Hombres,24977
Sinaloa,25 Años,25,Mujeres,26016
Sinaloa,26 Años,26,Hombres,22543
Sinaloa,26 Años,26,Mujeres,23886
Sinaloa,27 Años,27,Hombres,22298
Sinaloa,27 Años,27,Mujeres,23143
Sinaloa,28 Años,28,Hombres,22847
Sinaloa,28 Años,28,Mujeres,23622
Sinaloa,29 Años,29,Hombres,20802
Sinaloa,29 Años,29,Mujeres,22182
Sinaloa,30 Años,30,Hombres,25009
Sinaloa,30 Años,30,Mujeres,26050
Sinaloa,31 Años,31,Hombres,18171
Sinaloa,31 Años,31,Mujeres,19374
Sinaloa,32 Años,32,Hombres,22271
Sinaloa,32 Años,32,Mujeres,23171
Sinaloa,33 Años,33,Hombres,19848
Sinaloa,33 Años,33,Mujeres,21032
Sinaloa,34 Años,34,Hombres,19981
Sinaloa,34 Años,34,Mujeres,20584
Sinaloa,35 Años,35,Hombres,22023
Sinaloa,35 Años,35,Mujeres,22969
Sinaloa,36 Años,36,Hombres,20183
Sinaloa,36 Años,36,Mujeres,21081
Sinaloa,37 Años,37,Hombres,17898
Sinaloa,37 Años,37,Mujeres,18733
Sinaloa,38 Años,38,Hombres,21564
Sinaloa,38 Años,38,Mujeres,21946
Sinaloa,39 Años,39,Hombres,19096
Sinaloa,39 Años,39,Mujeres,20047
Sinaloa,40 Años,40,Hombres,23811
Sinaloa,40 Años,40,Mujeres,24747
Sinaloa,41 Años,41,Hombres,16770
Sinaloa,41 Años,41,Mujeres,17793
Sinaloa,42 Años,42,Hombres,22901
Sinaloa,42 Años,42,Mujeres,22988
Sinaloa,43 Años,43,Hombres,18973
Sinaloa,43 Años,43,Mujeres,19908
Sinaloa,44 Años,44,Hombres,17522
Sinaloa,44 Años,44,Mujeres,18896
Sinaloa,45 Años,45,Hombres,22037
Sinaloa,45 Años,45,Mujeres,22368
Sinaloa,46 Años,46,Hombres,18172
Sinaloa,46 Años,46,Mujeres,19355
Sinaloa,47 Años,47,Hombres,18244
Sinaloa,47 Años,47,Mujeres,19187
Sinaloa,48 Años,48,Hombres,18775
Sinaloa,48 Años,48,Mujeres,19190
Sinaloa,49 Años,49,Hombres,17158
Sinaloa,49 Años,49,Mujeres,18103
Sinaloa,50 Años,50,Hombres,21395
Sinaloa,50 Años,50,Mujeres,22332
Sinaloa,51 Años,51,Hombres,13643
Sinaloa,51 Años,51,Mujeres,14724
Sinaloa,52 Años,52,Hombres,17542
Sinaloa,52 Años,52,Mujeres,18467
Sinaloa,53 Años,53,Hombres,15275
Sinaloa,53 Años,53,Mujeres,16436
Sinaloa,54 Años,54,Hombres,15417
Sinaloa,54 Años,54,Mujeres,16863
Sinaloa,55 Años,55,Hombres,15717
Sinaloa,55 Años,55,Mujeres,16830
Sinaloa,56 Años,56,Hombres,14635
Sinaloa,56 Años,56,Mujeres,15776
Sinaloa,57 Años,57,Hombres,12374
Sinaloa,57 Años,57,Mujeres,13494
Sinaloa,58 Años,58,Hombres,13420
Sinaloa,58 Años,58,Mujeres,14677
Sinaloa,59 Años,59,Hombres,12495
Sinaloa,59 Años,59,Mujeres,13967
Sinaloa,60 Años,60,Hombres,15613
Sinaloa,60 Años,60,Mujeres,16872
Sinaloa,61 Años,61,Hombres,9635
Sinaloa,61 Años,61,Mujeres,10643
Sinaloa,62 Años,62,Hombres,12143
Sinaloa,62 Años,62,Mujeres,13457
Sinaloa,63 Años,63,Hombres,11165
Sinaloa,63 Años,63,Mujeres,12437
Sinaloa,64 Años,64,Hombres,10382
Sinaloa,64 Años,64,Mujeres,11281
Sinaloa,65 Años,65,Hombres,11776
Sinaloa,65 Años,65,Mujeres,12955
Sinaloa,66 Años,66,Hombres,8763
Sinaloa,66 Años,66,Mujeres,9809
Sinaloa,67 Años,67,Hombres,8438
Sinaloa,67 Años,67,Mujeres,9121
Sinaloa,68 Años,68,Hombres,9032
Sinaloa,68 Años,68,Mujeres,9874
Sinaloa,69 Años,69,Hombres,7155
Sinaloa,69 Años,69,Mujeres,8133
Sinaloa,70 Años,70,Hombres,8867
Sinaloa,70 Años,70,Mujeres,9563
Sinaloa,71 Años,71,Hombres,5533
Sinaloa,71 Años,71,Mujeres,6010
Sinaloa,72 Años,72,Hombres,7667
Sinaloa,72 Años,72,Mujeres,7934
Sinaloa,73 Años,73,Hombres,6259
Sinaloa,73 Años,73,Mujeres,6679
Sinaloa,74 Años,74,Hombres,5781
Sinaloa,74 Años,74,Mujeres,6384
Sinaloa,75 Años,75,Hombres,5994
Sinaloa,75 Años,75,Mujeres,6301
Sinaloa,76 Años,76,Hombres,5112
Sinaloa,76 Años,76,Mujeres,5218
Sinaloa,77 Años,77,Hombres,4447
Sinaloa,77 Años,77,Mujeres,4779
Sinaloa,78 Años,78,Hombres,4619
Sinaloa,78 Años,78,Mujeres,4815
Sinaloa,79 Años,79,Hombres,3732
Sinaloa,79 Años,79,Mujeres,4034
Sinaloa,80 Años,80,Hombres,4056
Sinaloa,80 Años,80,Mujeres,4520
Sinaloa,81 Años,81,Hombres,2399
Sinaloa,81 Años,81,Mujeres,2677
Sinaloa,82 Años,82,Hombres,2874
Sinaloa,82 Años,82,Mujeres,3312
Sinaloa,83 Años,83,Hombres,2667
Sinaloa,83 Años,83,Mujeres,3126
Sinaloa,84 Años,84,Hombres,2455
Sinaloa,84 Años,84,Mujeres,2871
Sinaloa,85 Años,85,Hombres,1949
Sinaloa,85 Años,85,Mujeres,2331
Sinaloa,86 Años,86,Hombres,1703
Sinaloa,86 Años,86,Mujeres,2072
Sinaloa,87 Años,87,Hombres,1396
Sinaloa,87 Años,87,Mujeres,1731
Sinaloa,88 Años,88,Hombres,1027
Sinaloa,88 Años,88,Mujeres,1356
Sinaloa,89 Años,89,Hombres,966
Sinaloa,89 Años,89,Mujeres,1296
Sinaloa,90 Años,90,Hombres,915
Sinaloa,90 Años,90,Mujeres,1220
Sinaloa,91 Años,91,Hombres,412
Sinaloa,91 Años,91,Mujeres,595
Sinaloa,92 Años,92,Hombres,455
Sinaloa,92 Años,92,Mujeres,682
Sinaloa,93 Años,93,Hombres,385
Sinaloa,93 Años,93,Mujeres,537
Sinaloa,94 Años,94,Hombres,316
Sinaloa,94 Años,94,Mujeres,480
Sinaloa,95 Años,95,Hombres,256
Sinaloa,95 Años,95,Mujeres,368
Sinaloa,96 Años,96,Hombres,202
Sinaloa,96 Años,96,Mujeres,293
Sinaloa,97 Años,97,Hombres,113
Sinaloa,97 Años,97,Mujeres,206
Sinaloa,98 Años,98,Hombres,113
Sinaloa,98 Años,98,Mujeres,168
Sinaloa,99 Años,99,Hombres,85
Sinaloa,99 Años,99,Mujeres,119
Sinaloa,100 años y más,100,Hombres,169
Sinaloa,100 años y más,100,Mujeres,234
Sinaloa,No especificado,NA,Hombres,1108
Sinaloa,No especificado,NA,Mujeres,1117
Sonora,0 Años,0,Hombres,19557
Sonora,0 Años,0,Mujeres,18989
Sonora,1 Año,1,Hombres,20552
Sonora,1 Año,1,Mujeres,19829
Sonora,2 Años,2,Hombres,22946
Sonora,2 Años,2,Mujeres,22421
Sonora,3 Años,3,Hombres,23274
Sonora,3 Años,3,Mujeres,22960
Sonora,4 Años,4,Hombres,24275
Sonora,4 Años,4,Mujeres,23542
Sonora,5 Años,5,Hombres,24890
Sonora,5 Años,5,Mujeres,24191
Sonora,6 Años,6,Hombres,24475
Sonora,6 Años,6,Mujeres,24086
Sonora,7 Años,7,Hombres,25091
Sonora,7 Años,7,Mujeres,24173
Sonora,8 Años,8,Hombres,26060
Sonora,8 Años,8,Mujeres,24970
Sonora,9 Años,9,Hombres,24686
Sonora,9 Años,9,Mujeres,24089
Sonora,10 Años,10,Hombres,26917
Sonora,10 Años,10,Mujeres,25677
Sonora,11 Años,11,Hombres,25175
Sonora,11 Años,11,Mujeres,24472
Sonora,12 Años,12,Hombres,27597
Sonora,12 Años,12,Mujeres,26112
Sonora,13 Años,13,Hombres,26504
Sonora,13 Años,13,Mujeres,25256
Sonora,14 Años,14,Hombres,25998
Sonora,14 Años,14,Mujeres,25083
Sonora,15 Años,15,Hombres,26227
Sonora,15 Años,15,Mujeres,24818
Sonora,16 Años,16,Hombres,24811
Sonora,16 Años,16,Mujeres,23869
Sonora,17 Años,17,Hombres,26655
Sonora,17 Años,17,Mujeres,25947
Sonora,18 Años,18,Hombres,28120
Sonora,18 Años,18,Mujeres,26251
Sonora,19 Años,19,Hombres,24942
Sonora,19 Años,19,Mujeres,24076
Sonora,20 Años,20,Hombres,27359
Sonora,20 Años,20,Mujeres,26675
Sonora,21 Años,21,Hombres,24646
Sonora,21 Años,21,Mujeres,23633
Sonora,22 Años,22,Hombres,25681
Sonora,22 Años,22,Mujeres,24311
Sonora,23 Años,23,Hombres,24334
Sonora,23 Años,23,Mujeres,23465
Sonora,24 Años,24,Hombres,23566
Sonora,24 Años,24,Mujeres,23333
Sonora,25 Años,25,Hombres,24668
Sonora,25 Años,25,Mujeres,24223
Sonora,26 Años,26,Hombres,22512
Sonora,26 Años,26,Mujeres,22855
Sonora,27 Años,27,Hombres,22393
Sonora,27 Años,27,Mujeres,22428
Sonora,28 Años,28,Hombres,23456
Sonora,28 Años,28,Mujeres,23077
Sonora,29 Años,29,Hombres,21123
Sonora,29 Años,29,Mujeres,21161
Sonora,30 Años,30,Hombres,25791
Sonora,30 Años,30,Mujeres,25521
Sonora,31 Años,31,Hombres,18385
Sonora,31 Años,31,Mujeres,18874
Sonora,32 Años,32,Hombres,22142
Sonora,32 Años,32,Mujeres,21974
Sonora,33 Años,33,Hombres,20535
Sonora,33 Años,33,Mujeres,20683
Sonora,34 Años,34,Hombres,20602
Sonora,34 Años,34,Mujeres,20497
Sonora,35 Años,35,Hombres,22133
Sonora,35 Años,35,Mujeres,21992
Sonora,36 Años,36,Hombres,20739
Sonora,36 Años,36,Mujeres,21061
Sonora,37 Años,37,Hombres,19060
Sonora,37 Años,37,Mujeres,19013
Sonora,38 Años,38,Hombres,22346
Sonora,38 Años,38,Mujeres,21557
Sonora,39 Años,39,Hombres,19561
Sonora,39 Años,39,Mujeres,19538
Sonora,40 Años,40,Hombres,24845
Sonora,40 Años,40,Mujeres,24683
Sonora,41 Años,41,Hombres,16338
Sonora,41 Años,41,Mujeres,17023
Sonora,42 Años,42,Hombres,22858
Sonora,42 Años,42,Mujeres,22548
Sonora,43 Años,43,Hombres,19845
Sonora,43 Años,43,Mujeres,19911
Sonora,44 Años,44,Hombres,17691
Sonora,44 Años,44,Mujeres,18153
Sonora,45 Años,45,Hombres,22625
Sonora,45 Años,45,Mujeres,22118
Sonora,46 Años,46,Hombres,18190
Sonora,46 Años,46,Mujeres,18781
Sonora,47 Años,47,Hombres,19056
Sonora,47 Años,47,Mujeres,18565
Sonora,48 Años,48,Hombres,19061
Sonora,48 Años,48,Mujeres,18802
Sonora,49 Años,49,Hombres,17342
Sonora,49 Años,49,Mujeres,17641
Sonora,50 Años,50,Hombres,21733
Sonora,50 Años,50,Mujeres,21931
Sonora,51 Años,51,Hombres,13928
Sonora,51 Años,51,Mujeres,14260
Sonora,52 Años,52,Hombres,17428
Sonora,52 Años,52,Mujeres,17954
Sonora,53 Años,53,Hombres,15566
Sonora,53 Años,53,Mujeres,16146
Sonora,54 Años,54,Hombres,15467
Sonora,54 Años,54,Mujeres,16292
Sonora,55 Años,55,Hombres,15381
Sonora,55 Años,55,Mujeres,16083
Sonora,56 Años,56,Hombres,14634
Sonora,56 Años,56,Mujeres,14857
Sonora,57 Años,57,Hombres,12672
Sonora,57 Años,57,Mujeres,13275
Sonora,58 Años,58,Hombres,13496
Sonora,58 Años,58,Mujeres,13938
Sonora,59 Años,59,Hombres,12624
Sonora,59 Años,59,Mujeres,13504
Sonora,60 Años,60,Hombres,15503
Sonora,60 Años,60,Mujeres,16597
Sonora,61 Años,61,Hombres,9608
Sonora,61 Años,61,Mujeres,10346
Sonora,62 Años,62,Hombres,12195
Sonora,62 Años,62,Mujeres,12918
Sonora,63 Años,63,Hombres,11374
Sonora,63 Años,63,Mujeres,12043
Sonora,64 Años,64,Hombres,10161
Sonora,64 Años,64,Mujeres,10858
Sonora,65 Años,65,Hombres,11345
Sonora,65 Años,65,Mujeres,11810
Sonora,66 Años,66,Hombres,8017
Sonora,66 Años,66,Mujeres,8929
Sonora,67 Años,67,Hombres,7936
Sonora,67 Años,67,Mujeres,8362
Sonora,68 Años,68,Hombres,8385
Sonora,68 Años,68,Mujeres,9140
Sonora,69 Años,69,Hombres,6675
Sonora,69 Años,69,Mujeres,7109
Sonora,70 Años,70,Hombres,7724
Sonora,70 Años,70,Mujeres,8324
Sonora,71 Años,71,Hombres,4792
Sonora,71 Años,71,Mujeres,5414
Sonora,72 Años,72,Hombres,6597
Sonora,72 Años,72,Mujeres,7153
Sonora,73 Años,73,Hombres,5295
Sonora,73 Años,73,Mujeres,5845
Sonora,74 Años,74,Hombres,4978
Sonora,74 Años,74,Mujeres,5760
Sonora,75 Años,75,Hombres,4870
Sonora,75 Años,75,Mujeres,5420
Sonora,76 Años,76,Hombres,4242
Sonora,76 Años,76,Mujeres,4651
Sonora,77 Años,77,Hombres,3523
Sonora,77 Años,77,Mujeres,4025
Sonora,78 Años,78,Hombres,3961
Sonora,78 Años,78,Mujeres,4201
Sonora,79 Años,79,Hombres,3081
Sonora,79 Años,79,Mujeres,3545
Sonora,80 Años,80,Hombres,3418
Sonora,80 Años,80,Mujeres,4073
Sonora,81 Años,81,Hombres,1967
Sonora,81 Años,81,Mujeres,2242
Sonora,82 Años,82,Hombres,2319
Sonora,82 Años,82,Mujeres,2858
Sonora,83 Años,83,Hombres,2106
Sonora,83 Años,83,Mujeres,2708
Sonora,84 Años,84,Hombres,2029
Sonora,84 Años,84,Mujeres,2424
Sonora,85 Años,85,Hombres,1632
Sonora,85 Años,85,Mujeres,2087
Sonora,86 Años,86,Hombres,1365
Sonora,86 Años,86,Mujeres,1744
Sonora,87 Años,87,Hombres,1083
Sonora,87 Años,87,Mujeres,1498
Sonora,88 Años,88,Hombres,872
Sonora,88 Años,88,Mujeres,1166
Sonora,89 Años,89,Hombres,745
Sonora,89 Años,89,Mujeres,1011
Sonora,90 Años,90,Hombres,696
Sonora,90 Años,90,Mujeres,996
Sonora,91 Años,91,Hombres,350
Sonora,91 Años,91,Mujeres,508
Sonora,92 Años,92,Hombres,340
Sonora,92 Años,92,Mujeres,549
Sonora,93 Años,93,Hombres,255
Sonora,93 Años,93,Mujeres,446
Sonora,94 Años,94,Hombres,208
Sonora,94 Años,94,Mujeres,379
Sonora,95 Años,95,Hombres,152
Sonora,95 Años,95,Mujeres,297
Sonora,96 Años,96,Hombres,124
Sonora,96 Años,96,Mujeres,219
Sonora,97 Años,97,Hombres,101
Sonora,97 Años,97,Mujeres,135
Sonora,98 Años,98,Hombres,99
Sonora,98 Años,98,Mujeres,136
Sonora,99 Años,99,Hombres,63
Sonora,99 Años,99,Mujeres,95
Sonora,100 años y más,100,Hombres,83
Sonora,100 años y más,100,Mujeres,114
Sonora,No especificado,NA,Hombres,1364
Sonora,No especificado,NA,Mujeres,1361
Tabasco,0 Años,0,Hombres,19533
Tabasco,0 Años,0,Mujeres,19145
Tabasco,1 Año,1,Hombres,19735
Tabasco,1 Año,1,Mujeres,19314
Tabasco,2 Años,2,Hombres,20657
Tabasco,2 Años,2,Mujeres,19955
Tabasco,3 Años,3,Hombres,21653
Tabasco,3 Años,3,Mujeres,21433
Tabasco,4 Años,4,Hombres,23091
Tabasco,4 Años,4,Mujeres,22361
Tabasco,5 Años,5,Hombres,22794
Tabasco,5 Años,5,Mujeres,21942
Tabasco,6 Años,6,Hombres,22118
Tabasco,6 Años,6,Mujeres,21811
Tabasco,7 Años,7,Hombres,22794
Tabasco,7 Años,7,Mujeres,22461
Tabasco,8 Años,8,Hombres,23647
Tabasco,8 Años,8,Mujeres,22404
Tabasco,9 Años,9,Hombres,22353
Tabasco,9 Años,9,Mujeres,21734
Tabasco,10 Años,10,Hombres,23925
Tabasco,10 Años,10,Mujeres,22862
Tabasco,11 Años,11,Hombres,22093
Tabasco,11 Años,11,Mujeres,21003
Tabasco,12 Años,12,Hombres,23125
Tabasco,12 Años,12,Mujeres,22205
Tabasco,13 Años,13,Hombres,22205
Tabasco,13 Años,13,Mujeres,21500
Tabasco,14 Años,14,Hombres,22144
Tabasco,14 Años,14,Mujeres,21636
Tabasco,15 Años,15,Hombres,22066
Tabasco,15 Años,15,Mujeres,21532
Tabasco,16 Años,16,Hombres,20327
Tabasco,16 Años,16,Mujeres,20212
Tabasco,17 Años,17,Hombres,22259
Tabasco,17 Años,17,Mujeres,21490
Tabasco,18 Años,18,Hombres,22209
Tabasco,18 Años,18,Mujeres,21165
Tabasco,19 Años,19,Hombres,18428
Tabasco,19 Años,19,Mujeres,18972
Tabasco,20 Años,20,Hombres,20176
Tabasco,20 Años,20,Mujeres,21377
Tabasco,21 Años,21,Hombres,16560
Tabasco,21 Años,21,Mujeres,17131
Tabasco,22 Años,22,Hombres,19253
Tabasco,22 Años,22,Mujeres,19713
Tabasco,23 Años,23,Hombres,18178
Tabasco,23 Años,23,Mujeres,19320
Tabasco,24 Años,24,Hombres,17758
Tabasco,24 Años,24,Mujeres,19089
Tabasco,25 Años,25,Hombres,18460
Tabasco,25 Años,25,Mujeres,20105
Tabasco,26 Años,26,Hombres,16537
Tabasco,26 Años,26,Mujeres,18647
Tabasco,27 Años,27,Hombres,16952
Tabasco,27 Años,27,Mujeres,19034
Tabasco,28 Años,28,Hombres,17281
Tabasco,28 Años,28,Mujeres,18738
Tabasco,29 Años,29,Hombres,16195
Tabasco,29 Años,29,Mujeres,18375
Tabasco,30 Años,30,Hombres,21447
Tabasco,30 Años,30,Mujeres,22736
Tabasco,31 Años,31,Hombres,13264
Tabasco,31 Años,31,Mujeres,15664
Tabasco,32 Años,32,Hombres,17985
Tabasco,32 Años,32,Mujeres,20422
Tabasco,33 Años,33,Hombres,16492
Tabasco,33 Años,33,Mujeres,18843
Tabasco,34 Años,34,Hombres,16479
Tabasco,34 Años,34,Mujeres,18095
Tabasco,35 Años,35,Hombres,18607
Tabasco,35 Años,35,Mujeres,20754
Tabasco,36 Años,36,Hombres,16691
Tabasco,36 Años,36,Mujeres,19368
Tabasco,37 Años,37,Hombres,14839
Tabasco,37 Años,37,Mujeres,16808
Tabasco,38 Años,38,Hombres,18570
Tabasco,38 Años,38,Mujeres,20490
Tabasco,39 Años,39,Hombres,15524
Tabasco,39 Años,39,Mujeres,17825
Tabasco,40 Años,40,Hombres,20986
Tabasco,40 Años,40,Mujeres,23178
Tabasco,41 Años,41,Hombres,11672
Tabasco,41 Años,41,Mujeres,13616
Tabasco,42 Años,42,Hombres,18359
Tabasco,42 Años,42,Mujeres,20151
Tabasco,43 Años,43,Hombres,15081
Tabasco,43 Años,43,Mujeres,16838
Tabasco,44 Años,44,Hombres,13025
Tabasco,44 Años,44,Mujeres,14696
Tabasco,45 Años,45,Hombres,16550
Tabasco,45 Años,45,Mujeres,18011
Tabasco,46 Años,46,Hombres,13193
Tabasco,46 Años,46,Mujeres,14595
Tabasco,47 Años,47,Hombres,13099
Tabasco,47 Años,47,Mujeres,14519
Tabasco,48 Años,48,Hombres,14697
Tabasco,48 Años,48,Mujeres,15664
Tabasco,49 Años,49,Hombres,12685
Tabasco,49 Años,49,Mujeres,14285
Tabasco,50 Años,50,Hombres,16787
Tabasco,50 Años,50,Mujeres,17993
Tabasco,51 Años,51,Hombres,9320
Tabasco,51 Años,51,Mujeres,10343
Tabasco,52 Años,52,Hombres,13352
Tabasco,52 Años,52,Mujeres,14138
Tabasco,53 Años,53,Hombres,11614
Tabasco,53 Años,53,Mujeres,12425
Tabasco,54 Años,54,Hombres,11769
Tabasco,54 Años,54,Mujeres,12834
Tabasco,55 Años,55,Hombres,11905
Tabasco,55 Años,55,Mujeres,12770
Tabasco,56 Años,56,Hombres,11698
Tabasco,56 Años,56,Mujeres,11845
Tabasco,57 Años,57,Hombres,9128
Tabasco,57 Años,57,Mujeres,9753
Tabasco,58 Años,58,Hombres,10176
Tabasco,58 Años,58,Mujeres,10693
Tabasco,59 Años,59,Hombres,8999
Tabasco,59 Años,59,Mujeres,9680
Tabasco,60 Años,60,Hombres,11974
Tabasco,60 Años,60,Mujeres,12184
Tabasco,61 Años,61,Hombres,6194
Tabasco,61 Años,61,Mujeres,6573
Tabasco,62 Años,62,Hombres,7924
Tabasco,62 Años,62,Mujeres,8492
Tabasco,63 Años,63,Hombres,7908
Tabasco,63 Años,63,Mujeres,8347
Tabasco,64 Años,64,Hombres,7416
Tabasco,64 Años,64,Mujeres,7874
Tabasco,65 Años,65,Hombres,8676
Tabasco,65 Años,65,Mujeres,8842
Tabasco,66 Años,66,Hombres,5697
Tabasco,66 Años,66,Mujeres,6083
Tabasco,67 Años,67,Hombres,5890
Tabasco,67 Años,67,Mujeres,6131
Tabasco,68 Años,68,Hombres,6843
Tabasco,68 Años,68,Mujeres,7477
Tabasco,69 Años,69,Hombres,4476
Tabasco,69 Años,69,Mujeres,4694
Tabasco,70 Años,70,Hombres,5740
Tabasco,70 Años,70,Mujeres,6337
Tabasco,71 Años,71,Hombres,3024
Tabasco,71 Años,71,Mujeres,3108
Tabasco,72 Años,72,Hombres,4465
Tabasco,72 Años,72,Mujeres,4602
Tabasco,73 Años,73,Hombres,3642
Tabasco,73 Años,73,Mujeres,3869
Tabasco,74 Años,74,Hombres,3450
Tabasco,74 Años,74,Mujeres,3608
Tabasco,75 Años,75,Hombres,3703
Tabasco,75 Años,75,Mujeres,3875
Tabasco,76 Años,76,Hombres,2844
Tabasco,76 Años,76,Mujeres,3098
Tabasco,77 Años,77,Hombres,2357
Tabasco,77 Años,77,Mujeres,2598
Tabasco,78 Años,78,Hombres,3193
Tabasco,78 Años,78,Mujeres,3256
Tabasco,79 Años,79,Hombres,2272
Tabasco,79 Años,79,Mujeres,2325
Tabasco,80 Años,80,Hombres,2911
Tabasco,80 Años,80,Mujeres,3054
Tabasco,81 Años,81,Hombres,1361
Tabasco,81 Años,81,Mujeres,1356
Tabasco,82 Años,82,Hombres,1710
Tabasco,82 Años,82,Mujeres,1824
Tabasco,83 Años,83,Hombres,1485
Tabasco,83 Años,83,Mujeres,1714
Tabasco,84 Años,84,Hombres,1485
Tabasco,84 Años,84,Mujeres,1774
Tabasco,85 Años,85,Hombres,1433
Tabasco,85 Años,85,Mujeres,1759
Tabasco,86 Años,86,Hombres,1221
Tabasco,86 Años,86,Mujeres,1384
Tabasco,87 Años,87,Hombres,1003
Tabasco,87 Años,87,Mujeres,1092
Tabasco,88 Años,88,Hombres,869
Tabasco,88 Años,88,Mujeres,971
Tabasco,89 Años,89,Hombres,736
Tabasco,89 Años,89,Mujeres,847
Tabasco,90 Años,90,Hombres,718
Tabasco,90 Años,90,Mujeres,910
Tabasco,91 Años,91,Hombres,276
Tabasco,91 Años,91,Mujeres,345
Tabasco,92 Años,92,Hombres,409
Tabasco,92 Años,92,Mujeres,403
Tabasco,93 Años,93,Hombres,305
Tabasco,93 Años,93,Mujeres,360
Tabasco,94 Años,94,Hombres,249
Tabasco,94 Años,94,Mujeres,362
Tabasco,95 Años,95,Hombres,217
Tabasco,95 Años,95,Mujeres,291
Tabasco,96 Años,96,Hombres,159
Tabasco,96 Años,96,Mujeres,202
Tabasco,97 Años,97,Hombres,112
Tabasco,97 Años,97,Mujeres,151
Tabasco,98 Años,98,Hombres,122
Tabasco,98 Años,98,Mujeres,192
Tabasco,99 Años,99,Hombres,87
Tabasco,99 Años,99,Mujeres,144
Tabasco,100 años y más,100,Hombres,184
Tabasco,100 años y más,100,Mujeres,277
Tabasco,No especificado,NA,Hombres,432
Tabasco,No especificado,NA,Mujeres,444
Tamaulipas,0 Años,0,Hombres,25055
Tamaulipas,0 Años,0,Mujeres,24241
Tamaulipas,1 Año,1,Hombres,25746
Tamaulipas,1 Año,1,Mujeres,24893
Tamaulipas,2 Años,2,Hombres,27712
Tamaulipas,2 Años,2,Mujeres,27311
Tamaulipas,3 Años,3,Hombres,28747
Tamaulipas,3 Años,3,Mujeres,28702
Tamaulipas,4 Años,4,Hombres,29916
Tamaulipas,4 Años,4,Mujeres,29017
Tamaulipas,5 Años,5,Hombres,29997
Tamaulipas,5 Años,5,Mujeres,29394
Tamaulipas,6 Años,6,Hombres,29005
Tamaulipas,6 Años,6,Mujeres,28050
Tamaulipas,7 Años,7,Hombres,29666
Tamaulipas,7 Años,7,Mujeres,28601
Tamaulipas,8 Años,8,Hombres,31016
Tamaulipas,8 Años,8,Mujeres,29865
Tamaulipas,9 Años,9,Hombres,29631
Tamaulipas,9 Años,9,Mujeres,29119
Tamaulipas,10 Años,10,Hombres,33064
Tamaulipas,10 Años,10,Mujeres,31579
Tamaulipas,11 Años,11,Hombres,30231
Tamaulipas,11 Años,11,Mujeres,29231
Tamaulipas,12 Años,12,Hombres,32647
Tamaulipas,12 Años,12,Mujeres,30675
Tamaulipas,13 Años,13,Hombres,30068
Tamaulipas,13 Años,13,Mujeres,29172
Tamaulipas,14 Años,14,Hombres,29856
Tamaulipas,14 Años,14,Mujeres,29330
Tamaulipas,15 Años,15,Hombres,30259
Tamaulipas,15 Años,15,Mujeres,29463
Tamaulipas,16 Años,16,Hombres,28707
Tamaulipas,16 Años,16,Mujeres,27963
Tamaulipas,17 Años,17,Hombres,30198
Tamaulipas,17 Años,17,Mujeres,28793
Tamaulipas,18 Años,18,Hombres,32094
Tamaulipas,18 Años,18,Mujeres,31241
Tamaulipas,19 Años,19,Hombres,27977
Tamaulipas,19 Años,19,Mujeres,28255
Tamaulipas,20 Años,20,Hombres,31476
Tamaulipas,20 Años,20,Mujeres,31735
Tamaulipas,21 Años,21,Hombres,27395
Tamaulipas,21 Años,21,Mujeres,26783
Tamaulipas,22 Años,22,Hombres,28491
Tamaulipas,22 Años,22,Mujeres,28204
Tamaulipas,23 Años,23,Hombres,27561
Tamaulipas,23 Años,23,Mujeres,27818
Tamaulipas,24 Años,24,Hombres,27194
Tamaulipas,24 Años,24,Mujeres,27407
Tamaulipas,25 Años,25,Hombres,28843
Tamaulipas,25 Años,25,Mujeres,29878
Tamaulipas,26 Años,26,Hombres,25814
Tamaulipas,26 Años,26,Mujeres,27428
Tamaulipas,27 Años,27,Hombres,25393
Tamaulipas,27 Años,27,Mujeres,26374
Tamaulipas,28 Años,28,Hombres,26875
Tamaulipas,28 Años,28,Mujeres,27230
Tamaulipas,29 Años,29,Hombres,24168
Tamaulipas,29 Años,29,Mujeres,25258
Tamaulipas,30 Años,30,Hombres,30928
Tamaulipas,30 Años,30,Mujeres,31813
Tamaulipas,31 Años,31,Hombres,20467
Tamaulipas,31 Años,31,Mujeres,22080
Tamaulipas,32 Años,32,Hombres,26825
Tamaulipas,32 Años,32,Mujeres,28042
Tamaulipas,33 Años,33,Hombres,23602
Tamaulipas,33 Años,33,Mujeres,25185
Tamaulipas,34 Años,34,Hombres,23466
Tamaulipas,34 Años,34,Mujeres,24437
Tamaulipas,35 Años,35,Hombres,27619
Tamaulipas,35 Años,35,Mujeres,28442
Tamaulipas,36 Años,36,Hombres,25273
Tamaulipas,36 Años,36,Mujeres,26999
Tamaulipas,37 Años,37,Hombres,22329
Tamaulipas,37 Años,37,Mujeres,23829
Tamaulipas,38 Años,38,Hombres,26604
Tamaulipas,38 Años,38,Mujeres,27867
Tamaulipas,39 Años,39,Hombres,23436
Tamaulipas,39 Años,39,Mujeres,24822
Tamaulipas,40 Años,40,Hombres,30660
Tamaulipas,40 Años,40,Mujeres,31910
Tamaulipas,41 Años,41,Hombres,19139
Tamaulipas,41 Años,41,Mujeres,20442
Tamaulipas,42 Años,42,Hombres,27516
Tamaulipas,42 Años,42,Mujeres,28875
Tamaulipas,43 Años,43,Hombres,23160
Tamaulipas,43 Años,43,Mujeres,24785
Tamaulipas,44 Años,44,Hombres,20164
Tamaulipas,44 Años,44,Mujeres,21986
Tamaulipas,45 Años,45,Hombres,27756
Tamaulipas,45 Años,45,Mujeres,28170
Tamaulipas,46 Años,46,Hombres,21667
Tamaulipas,46 Años,46,Mujeres,23032
Tamaulipas,47 Años,47,Hombres,21907
Tamaulipas,47 Años,47,Mujeres,23285
Tamaulipas,48 Años,48,Hombres,22806
Tamaulipas,48 Años,48,Mujeres,23984
Tamaulipas,49 Años,49,Hombres,21362
Tamaulipas,49 Años,49,Mujeres,22233
Tamaulipas,50 Años,50,Hombres,27016
Tamaulipas,50 Años,50,Mujeres,28269
Tamaulipas,51 Años,51,Hombres,16472
Tamaulipas,51 Años,51,Mujeres,17702
Tamaulipas,52 Años,52,Hombres,21828
Tamaulipas,52 Años,52,Mujeres,22803
Tamaulipas,53 Años,53,Hombres,18793
Tamaulipas,53 Años,53,Mujeres,19989
Tamaulipas,54 Años,54,Hombres,18432
Tamaulipas,54 Años,54,Mujeres,20090
Tamaulipas,55 Años,55,Hombres,18602
Tamaulipas,55 Años,55,Mujeres,20016
Tamaulipas,56 Años,56,Hombres,17683
Tamaulipas,56 Años,56,Mujeres,18278
Tamaulipas,57 Años,57,Hombres,14390
Tamaulipas,57 Años,57,Mujeres,15606
Tamaulipas,58 Años,58,Hombres,15687
Tamaulipas,58 Años,58,Mujeres,16961
Tamaulipas,59 Años,59,Hombres,14814
Tamaulipas,59 Años,59,Mujeres,15707
Tamaulipas,60 Años,60,Hombres,18340
Tamaulipas,60 Años,60,Mujeres,20051
Tamaulipas,61 Años,61,Hombres,10545
Tamaulipas,61 Años,61,Mujeres,11781
Tamaulipas,62 Años,62,Hombres,13777
Tamaulipas,62 Años,62,Mujeres,15149
Tamaulipas,63 Años,63,Hombres,12637
Tamaulipas,63 Años,63,Mujeres,13612
Tamaulipas,64 Años,64,Hombres,11476
Tamaulipas,64 Años,64,Mujeres,12532
Tamaulipas,65 Años,65,Hombres,12693
Tamaulipas,65 Años,65,Mujeres,13776
Tamaulipas,66 Años,66,Hombres,8922
Tamaulipas,66 Años,66,Mujeres,10090
Tamaulipas,67 Años,67,Hombres,8676
Tamaulipas,67 Años,67,Mujeres,9601
Tamaulipas,68 Años,68,Hombres,9721
Tamaulipas,68 Años,68,Mujeres,10978
Tamaulipas,69 Años,69,Hombres,7508
Tamaulipas,69 Años,69,Mujeres,8368
Tamaulipas,70 Años,70,Hombres,8843
Tamaulipas,70 Años,70,Mujeres,10251
Tamaulipas,71 Años,71,Hombres,5623
Tamaulipas,71 Años,71,Mujeres,6504
Tamaulipas,72 Años,72,Hombres,7480
Tamaulipas,72 Años,72,Mujeres,8697
Tamaulipas,73 Años,73,Hombres,6318
Tamaulipas,73 Años,73,Mujeres,7322
Tamaulipas,74 Años,74,Hombres,5691
Tamaulipas,74 Años,74,Mujeres,6887
Tamaulipas,75 Años,75,Hombres,5953
Tamaulipas,75 Años,75,Mujeres,7005
Tamaulipas,76 Años,76,Hombres,4850
Tamaulipas,76 Años,76,Mujeres,5720
Tamaulipas,77 Años,77,Hombres,4216
Tamaulipas,77 Años,77,Mujeres,5035
Tamaulipas,78 Años,78,Hombres,4720
Tamaulipas,78 Años,78,Mujeres,5229
Tamaulipas,79 Años,79,Hombres,3826
Tamaulipas,79 Años,79,Mujeres,4439
Tamaulipas,80 Años,80,Hombres,4331
Tamaulipas,80 Años,80,Mujeres,5369
Tamaulipas,81 Años,81,Hombres,2464
Tamaulipas,81 Años,81,Mujeres,3067
Tamaulipas,82 Años,82,Hombres,2904
Tamaulipas,82 Años,82,Mujeres,3739
Tamaulipas,83 Años,83,Hombres,2667
Tamaulipas,83 Años,83,Mujeres,3467
Tamaulipas,84 Años,84,Hombres,2417
Tamaulipas,84 Años,84,Mujeres,3277
Tamaulipas,85 Años,85,Hombres,2231
Tamaulipas,85 Años,85,Mujeres,2926
Tamaulipas,86 Años,86,Hombres,1880
Tamaulipas,86 Años,86,Mujeres,2471
Tamaulipas,87 Años,87,Hombres,1379
Tamaulipas,87 Años,87,Mujeres,1872
Tamaulipas,88 Años,88,Hombres,1125
Tamaulipas,88 Años,88,Mujeres,1487
Tamaulipas,89 Años,89,Hombres,1048
Tamaulipas,89 Años,89,Mujeres,1511
Tamaulipas,90 Años,90,Hombres,1001
Tamaulipas,90 Años,90,Mujeres,1400
Tamaulipas,91 Años,91,Hombres,484
Tamaulipas,91 Años,91,Mujeres,783
Tamaulipas,92 Años,92,Hombres,513
Tamaulipas,92 Años,92,Mujeres,831
Tamaulipas,93 Años,93,Hombres,430
Tamaulipas,93 Años,93,Mujeres,677
Tamaulipas,94 Años,94,Hombres,368
Tamaulipas,94 Años,94,Mujeres,626
Tamaulipas,95 Años,95,Hombres,287
Tamaulipas,95 Años,95,Mujeres,471
Tamaulipas,96 Años,96,Hombres,230
Tamaulipas,96 Años,96,Mujeres,334
Tamaulipas,97 Años,97,Hombres,174
Tamaulipas,97 Años,97,Mujeres,246
Tamaulipas,98 Años,98,Hombres,137
Tamaulipas,98 Años,98,Mujeres,197
Tamaulipas,99 Años,99,Hombres,84
Tamaulipas,99 Años,99,Mujeres,127
Tamaulipas,100 años y más,100,Hombres,146
Tamaulipas,100 años y más,100,Mujeres,207
Tamaulipas,No especificado,NA,Hombres,2820
Tamaulipas,No especificado,NA,Mujeres,2834
Tlaxcala,0 Años,0,Hombres,10278
Tlaxcala,0 Años,0,Mujeres,9997
Tlaxcala,1 Año,1,Hombres,10704
Tlaxcala,1 Año,1,Mujeres,10552
Tlaxcala,2 Años,2,Hombres,11191
Tlaxcala,2 Años,2,Mujeres,11237
Tlaxcala,3 Años,3,Hombres,11455
Tlaxcala,3 Años,3,Mujeres,11304
Tlaxcala,4 Años,4,Hombres,12057
Tlaxcala,4 Años,4,Mujeres,11685
Tlaxcala,5 Años,5,Hombres,12117
Tlaxcala,5 Años,5,Mujeres,11889
Tlaxcala,6 Años,6,Hombres,11564
Tlaxcala,6 Años,6,Mujeres,11434
Tlaxcala,7 Años,7,Hombres,12031
Tlaxcala,7 Años,7,Mujeres,11657
Tlaxcala,8 Años,8,Hombres,12630
Tlaxcala,8 Años,8,Mujeres,11829
Tlaxcala,9 Años,9,Hombres,11343
Tlaxcala,9 Años,9,Mujeres,11244
Tlaxcala,10 Años,10,Hombres,12804
Tlaxcala,10 Años,10,Mujeres,12143
Tlaxcala,11 Años,11,Hombres,11522
Tlaxcala,11 Años,11,Mujeres,11222
Tlaxcala,12 Años,12,Hombres,12401
Tlaxcala,12 Años,12,Mujeres,12036
Tlaxcala,13 Años,13,Hombres,11876
Tlaxcala,13 Años,13,Mujeres,11700
Tlaxcala,14 Años,14,Hombres,12144
Tlaxcala,14 Años,14,Mujeres,11870
Tlaxcala,15 Años,15,Hombres,12614
Tlaxcala,15 Años,15,Mujeres,11978
Tlaxcala,16 Años,16,Hombres,11924
Tlaxcala,16 Años,16,Mujeres,11584
Tlaxcala,17 Años,17,Hombres,12932
Tlaxcala,17 Años,17,Mujeres,12192
Tlaxcala,18 Años,18,Hombres,13161
Tlaxcala,18 Años,18,Mujeres,12788
Tlaxcala,19 Años,19,Hombres,10901
Tlaxcala,19 Años,19,Mujeres,11133
Tlaxcala,20 Años,20,Hombres,12832
Tlaxcala,20 Años,20,Mujeres,12835
Tlaxcala,21 Años,21,Hombres,10387
Tlaxcala,21 Años,21,Mujeres,10291
Tlaxcala,22 Años,22,Hombres,11909
Tlaxcala,22 Años,22,Mujeres,11723
Tlaxcala,23 Años,23,Hombres,10664
Tlaxcala,23 Años,23,Mujeres,11055
Tlaxcala,24 Años,24,Hombres,10946
Tlaxcala,24 Años,24,Mujeres,11295
Tlaxcala,25 Años,25,Hombres,11318
Tlaxcala,25 Años,25,Mujeres,11836
Tlaxcala,26 Años,26,Hombres,10202
Tlaxcala,26 Años,26,Mujeres,11014
Tlaxcala,27 Años,27,Hombres,9719
Tlaxcala,27 Años,27,Mujeres,10194
Tlaxcala,28 Años,28,Hombres,10283
Tlaxcala,28 Años,28,Mujeres,10813
Tlaxcala,29 Años,29,Hombres,9368
Tlaxcala,29 Años,29,Mujeres,10011
Tlaxcala,30 Años,30,Hombres,11567
Tlaxcala,30 Años,30,Mujeres,12640
Tlaxcala,31 Años,31,Hombres,7218
Tlaxcala,31 Años,31,Mujeres,8123
Tlaxcala,32 Años,32,Hombres,9634
Tlaxcala,32 Años,32,Mujeres,10975
Tlaxcala,33 Años,33,Hombres,8451
Tlaxcala,33 Años,33,Mujeres,9750
Tlaxcala,34 Años,34,Hombres,8514
Tlaxcala,34 Años,34,Mujeres,9640
Tlaxcala,35 Años,35,Hombres,9458
Tlaxcala,35 Años,35,Mujeres,11038
Tlaxcala,36 Años,36,Hombres,8829
Tlaxcala,36 Años,36,Mujeres,10630
Tlaxcala,37 Años,37,Hombres,7701
Tlaxcala,37 Años,37,Mujeres,9095
Tlaxcala,38 Años,38,Hombres,9506
Tlaxcala,38 Años,38,Mujeres,11120
Tlaxcala,39 Años,39,Hombres,8092
Tlaxcala,39 Años,39,Mujeres,9427
Tlaxcala,40 Años,40,Hombres,10974
Tlaxcala,40 Años,40,Mujeres,12442
Tlaxcala,41 Años,41,Hombres,6284
Tlaxcala,41 Años,41,Mujeres,7419
Tlaxcala,42 Años,42,Hombres,9596
Tlaxcala,42 Años,42,Mujeres,11003
Tlaxcala,43 Años,43,Hombres,7805
Tlaxcala,43 Años,43,Mujeres,8908
Tlaxcala,44 Años,44,Hombres,6891
Tlaxcala,44 Años,44,Mujeres,8126
Tlaxcala,45 Años,45,Hombres,9005
Tlaxcala,45 Años,45,Mujeres,10220
Tlaxcala,46 Años,46,Hombres,7238
Tlaxcala,46 Años,46,Mujeres,8487
Tlaxcala,47 Años,47,Hombres,7015
Tlaxcala,47 Años,47,Mujeres,8031
Tlaxcala,48 Años,48,Hombres,7246
Tlaxcala,48 Años,48,Mujeres,8650
Tlaxcala,49 Años,49,Hombres,6778
Tlaxcala,49 Años,49,Mujeres,7725
Tlaxcala,50 Años,50,Hombres,8522
Tlaxcala,50 Años,50,Mujeres,10189
Tlaxcala,51 Años,51,Hombres,5074
Tlaxcala,51 Años,51,Mujeres,5903
Tlaxcala,52 Años,52,Hombres,7117
Tlaxcala,52 Años,52,Mujeres,8149
Tlaxcala,53 Años,53,Hombres,5899
Tlaxcala,53 Años,53,Mujeres,6831
Tlaxcala,54 Años,54,Hombres,5928
Tlaxcala,54 Años,54,Mujeres,7170
Tlaxcala,55 Años,55,Hombres,6076
Tlaxcala,55 Años,55,Mujeres,7098
Tlaxcala,56 Años,56,Hombres,5925
Tlaxcala,56 Años,56,Mujeres,6552
Tlaxcala,57 Años,57,Hombres,4437
Tlaxcala,57 Años,57,Mujeres,5243
Tlaxcala,58 Años,58,Hombres,5156
Tlaxcala,58 Años,58,Mujeres,5823
Tlaxcala,59 Años,59,Hombres,4592
Tlaxcala,59 Años,59,Mujeres,5413
Tlaxcala,60 Años,60,Hombres,6057
Tlaxcala,60 Años,60,Mujeres,6866
Tlaxcala,61 Años,61,Hombres,3392
Tlaxcala,61 Años,61,Mujeres,3868
Tlaxcala,62 Años,62,Hombres,4334
Tlaxcala,62 Años,62,Mujeres,5066
Tlaxcala,63 Años,63,Hombres,4223
Tlaxcala,63 Años,63,Mujeres,4659
Tlaxcala,64 Años,64,Hombres,3678
Tlaxcala,64 Años,64,Mujeres,4362
Tlaxcala,65 Años,65,Hombres,4305
Tlaxcala,65 Años,65,Mujeres,4961
Tlaxcala,66 Años,66,Hombres,2975
Tlaxcala,66 Años,66,Mujeres,3355
Tlaxcala,67 Años,67,Hombres,2906
Tlaxcala,67 Años,67,Mujeres,3362
Tlaxcala,68 Años,68,Hombres,3304
Tlaxcala,68 Años,68,Mujeres,3718
Tlaxcala,69 Años,69,Hombres,2429
Tlaxcala,69 Años,69,Mujeres,2643
Tlaxcala,70 Años,70,Hombres,2947
Tlaxcala,70 Años,70,Mujeres,3455
Tlaxcala,71 Años,71,Hombres,1634
Tlaxcala,71 Años,71,Mujeres,1974
Tlaxcala,72 Años,72,Hombres,2586
Tlaxcala,72 Años,72,Mujeres,2948
Tlaxcala,73 Años,73,Hombres,2152
Tlaxcala,73 Años,73,Mujeres,2422
Tlaxcala,74 Años,74,Hombres,2006
Tlaxcala,74 Años,74,Mujeres,2371
Tlaxcala,75 Años,75,Hombres,2000
Tlaxcala,75 Años,75,Mujeres,2280
Tlaxcala,76 Años,76,Hombres,1768
Tlaxcala,76 Años,76,Mujeres,1983
Tlaxcala,77 Años,77,Hombres,1464
Tlaxcala,77 Años,77,Mujeres,1530
Tlaxcala,78 Años,78,Hombres,1723
Tlaxcala,78 Años,78,Mujeres,1805
Tlaxcala,79 Años,79,Hombres,1285
Tlaxcala,79 Años,79,Mujeres,1529
Tlaxcala,80 Años,80,Hombres,1493
Tlaxcala,80 Años,80,Mujeres,1718
Tlaxcala,81 Años,81,Hombres,796
Tlaxcala,81 Años,81,Mujeres,916
Tlaxcala,82 Años,82,Hombres,1072
Tlaxcala,82 Años,82,Mujeres,1261
Tlaxcala,83 Años,83,Hombres,955
Tlaxcala,83 Años,83,Mujeres,1166
Tlaxcala,84 Años,84,Hombres,1019
Tlaxcala,84 Años,84,Mujeres,1195
Tlaxcala,85 Años,85,Hombres,832
Tlaxcala,85 Años,85,Mujeres,1098
Tlaxcala,86 Años,86,Hombres,741
Tlaxcala,86 Años,86,Mujeres,993
Tlaxcala,87 Años,87,Hombres,627
Tlaxcala,87 Años,87,Mujeres,775
Tlaxcala,88 Años,88,Hombres,524
Tlaxcala,88 Años,88,Mujeres,616
Tlaxcala,89 Años,89,Hombres,501
Tlaxcala,89 Años,89,Mujeres,618
Tlaxcala,90 Años,90,Hombres,451
Tlaxcala,90 Años,90,Mujeres,650
Tlaxcala,91 Años,91,Hombres,223
Tlaxcala,91 Años,91,Mujeres,269
Tlaxcala,92 Años,92,Hombres,265
Tlaxcala,92 Años,92,Mujeres,349
Tlaxcala,93 Años,93,Hombres,219
Tlaxcala,93 Años,93,Mujeres,305
Tlaxcala,94 Años,94,Hombres,195
Tlaxcala,94 Años,94,Mujeres,291
Tlaxcala,95 Años,95,Hombres,174
Tlaxcala,95 Años,95,Mujeres,210
Tlaxcala,96 Años,96,Hombres,157
Tlaxcala,96 Años,96,Mujeres,168
Tlaxcala,97 Años,97,Hombres,76
Tlaxcala,97 Años,97,Mujeres,135
Tlaxcala,98 Años,98,Hombres,75
Tlaxcala,98 Años,98,Mujeres,108
Tlaxcala,99 Años,99,Hombres,50
Tlaxcala,99 Años,99,Mujeres,78
Tlaxcala,100 años y más,100,Hombres,57
Tlaxcala,100 años y más,100,Mujeres,140
Tlaxcala,No especificado,NA,Hombres,10419
Tlaxcala,No especificado,NA,Mujeres,10506
Veracruz de Ignacio de la Llave,0 Años,0,Hombres,54924
Veracruz de Ignacio de la Llave,0 Años,0,Mujeres,53961
Veracruz de Ignacio de la Llave,1 Año,1,Hombres,57964
Veracruz de Ignacio de la Llave,1 Año,1,Mujeres,56975
Veracruz de Ignacio de la Llave,2 Años,2,Hombres,60156
Veracruz de Ignacio de la Llave,2 Años,2,Mujeres,58766
Veracruz de Ignacio de la Llave,3 Años,3,Hombres,62288
Veracruz de Ignacio de la Llave,3 Años,3,Mujeres,61951
Veracruz de Ignacio de la Llave,4 Años,4,Hombres,67781
Veracruz de Ignacio de la Llave,4 Años,4,Mujeres,65487
Veracruz de Ignacio de la Llave,5 Años,5,Hombres,68517
Veracruz de Ignacio de la Llave,5 Años,5,Mujeres,66737
Veracruz de Ignacio de la Llave,6 Años,6,Hombres,66103
Veracruz de Ignacio de la Llave,6 Años,6,Mujeres,64814
Veracruz de Ignacio de la Llave,7 Años,7,Hombres,68461
Veracruz de Ignacio de la Llave,7 Años,7,Mujeres,66509
Veracruz de Ignacio de la Llave,8 Años,8,Hombres,71415
Veracruz de Ignacio de la Llave,8 Años,8,Mujeres,68340
Veracruz de Ignacio de la Llave,9 Años,9,Hombres,67839
Veracruz de Ignacio de la Llave,9 Años,9,Mujeres,66447
Veracruz de Ignacio de la Llave,10 Años,10,Hombres,72444
Veracruz de Ignacio de la Llave,10 Años,10,Mujeres,69405
Veracruz de Ignacio de la Llave,11 Años,11,Hombres,66743
Veracruz de Ignacio de la Llave,11 Años,11,Mujeres,65487
Veracruz de Ignacio de la Llave,12 Años,12,Hombres,71412
Veracruz de Ignacio de la Llave,12 Años,12,Mujeres,69195
Veracruz de Ignacio de la Llave,13 Años,13,Hombres,68106
Veracruz de Ignacio de la Llave,13 Años,13,Mujeres,66477
Veracruz de Ignacio de la Llave,14 Años,14,Hombres,68975
Veracruz de Ignacio de la Llave,14 Años,14,Mujeres,67224
Veracruz de Ignacio de la Llave,15 Años,15,Hombres,71397
Veracruz de Ignacio de la Llave,15 Años,15,Mujeres,68288
Veracruz de Ignacio de la Llave,16 Años,16,Hombres,67555
Veracruz de Ignacio de la Llave,16 Años,16,Mujeres,66953
Veracruz de Ignacio de la Llave,17 Años,17,Hombres,73285
Veracruz de Ignacio de la Llave,17 Años,17,Mujeres,70554
Veracruz de Ignacio de la Llave,18 Años,18,Hombres,72490
Veracruz de Ignacio de la Llave,18 Años,18,Mujeres,70156
Veracruz de Ignacio de la Llave,19 Años,19,Hombres,59426
Veracruz de Ignacio de la Llave,19 Años,19,Mujeres,61444
Veracruz de Ignacio de la Llave,20 Años,20,Hombres,66115
Veracruz de Ignacio de la Llave,20 Años,20,Mujeres,67560
Veracruz de Ignacio de la Llave,21 Años,21,Hombres,54085
Veracruz de Ignacio de la Llave,21 Años,21,Mujeres,56492
Veracruz de Ignacio de la Llave,22 Años,22,Hombres,60272
Veracruz de Ignacio de la Llave,22 Años,22,Mujeres,62058
Veracruz de Ignacio de la Llave,23 Años,23,Hombres,56163
Veracruz de Ignacio de la Llave,23 Años,23,Mujeres,60740
Veracruz de Ignacio de la Llave,24 Años,24,Hombres,55724
Veracruz de Ignacio de la Llave,24 Años,24,Mujeres,61185
Veracruz de Ignacio de la Llave,25 Años,25,Hombres,58146
Veracruz de Ignacio de la Llave,25 Años,25,Mujeres,64662
Veracruz de Ignacio de la Llave,26 Años,26,Hombres,52968
Veracruz de Ignacio de la Llave,26 Años,26,Mujeres,60790
Veracruz de Ignacio de la Llave,27 Años,27,Hombres,54028
Veracruz de Ignacio de la Llave,27 Años,27,Mujeres,60586
Veracruz de Ignacio de la Llave,28 Años,28,Hombres,55709
Veracruz de Ignacio de la Llave,28 Años,28,Mujeres,62346
Veracruz de Ignacio de la Llave,29 Años,29,Hombres,51833
Veracruz de Ignacio de la Llave,29 Años,29,Mujeres,59353
Veracruz de Ignacio de la Llave,30 Años,30,Hombres,65731
Veracruz de Ignacio de la Llave,30 Años,30,Mujeres,73850
Veracruz de Ignacio de la Llave,31 Años,31,Hombres,42489
Veracruz de Ignacio de la Llave,31 Años,31,Mujeres,50625
Veracruz de Ignacio de la Llave,32 Años,32,Hombres,55589
Veracruz de Ignacio de la Llave,32 Años,32,Mujeres,64294
Veracruz de Ignacio de la Llave,33 Años,33,Hombres,50055
Veracruz de Ignacio de la Llave,33 Años,33,Mujeres,58914
Veracruz de Ignacio de la Llave,34 Años,34,Hombres,49545
Veracruz de Ignacio de la Llave,34 Años,34,Mujeres,57029
Veracruz de Ignacio de la Llave,35 Años,35,Hombres,56149
Veracruz de Ignacio de la Llave,35 Años,35,Mujeres,64625
Veracruz de Ignacio de la Llave,36 Años,36,Hombres,51790
Veracruz de Ignacio de la Llave,36 Años,36,Mujeres,61223
Veracruz de Ignacio de la Llave,37 Años,37,Hombres,46205
Veracruz de Ignacio de la Llave,37 Años,37,Mujeres,53940
Veracruz de Ignacio de la Llave,38 Años,38,Hombres,56267
Veracruz de Ignacio de la Llave,38 Años,38,Mujeres,64089
Veracruz de Ignacio de la Llave,39 Años,39,Hombres,48194
Veracruz de Ignacio de la Llave,39 Años,39,Mujeres,56309
Veracruz de Ignacio de la Llave,40 Años,40,Hombres,64113
Veracruz de Ignacio de la Llave,40 Años,40,Mujeres,73740
Veracruz de Ignacio de la Llave,41 Años,41,Hombres,37272
Veracruz de Ignacio de la Llave,41 Años,41,Mujeres,44578
Veracruz de Ignacio de la Llave,42 Años,42,Hombres,56056
Veracruz de Ignacio de la Llave,42 Años,42,Mujeres,65458
Veracruz de Ignacio de la Llave,43 Años,43,Hombres,46711
Veracruz de Ignacio de la Llave,43 Años,43,Mujeres,55548
Veracruz de Ignacio de la Llave,44 Años,44,Hombres,43136
Veracruz de Ignacio de la Llave,44 Años,44,Mujeres,51055
Veracruz de Ignacio de la Llave,45 Años,45,Hombres,54750
Veracruz de Ignacio de la Llave,45 Años,45,Mujeres,61836
Veracruz de Ignacio de la Llave,46 Años,46,Hombres,44785
Veracruz de Ignacio de la Llave,46 Años,46,Mujeres,52378
Veracruz de Ignacio de la Llave,47 Años,47,Hombres,45728
Veracruz de Ignacio de la Llave,47 Años,47,Mujeres,52982
Veracruz de Ignacio de la Llave,48 Años,48,Hombres,49530
Veracruz de Ignacio de la Llave,48 Años,48,Mujeres,56318
Veracruz de Ignacio de la Llave,49 Años,49,Hombres,45366
Veracruz de Ignacio de la Llave,49 Años,49,Mujeres,52479
Veracruz de Ignacio de la Llave,50 Años,50,Hombres,58637
Veracruz de Ignacio de la Llave,50 Años,50,Mujeres,66204
Veracruz de Ignacio de la Llave,51 Años,51,Hombres,35622
Veracruz de Ignacio de la Llave,51 Años,51,Mujeres,41134
Veracruz de Ignacio de la Llave,52 Años,52,Hombres,48459
Veracruz de Ignacio de la Llave,52 Años,52,Mujeres,54629
Veracruz de Ignacio de la Llave,53 Años,53,Hombres,42145
Veracruz de Ignacio de la Llave,53 Años,53,Mujeres,48587
Veracruz de Ignacio de la Llave,54 Años,54,Hombres,42809
Veracruz de Ignacio de la Llave,54 Años,54,Mujeres,50284
Veracruz de Ignacio de la Llave,55 Años,55,Hombres,44089
Veracruz de Ignacio de la Llave,55 Años,55,Mujeres,49409
Veracruz de Ignacio de la Llave,56 Años,56,Hombres,41958
Veracruz de Ignacio de la Llave,56 Años,56,Mujeres,45909
Veracruz de Ignacio de la Llave,57 Años,57,Hombres,34048
Veracruz de Ignacio de la Llave,57 Años,57,Mujeres,38868
Veracruz de Ignacio de la Llave,58 Años,58,Hombres,37271
Veracruz de Ignacio de la Llave,58 Años,58,Mujeres,42271
Veracruz de Ignacio de la Llave,59 Años,59,Hombres,35156
Veracruz de Ignacio de la Llave,59 Años,59,Mujeres,39731
Veracruz de Ignacio de la Llave,60 Años,60,Hombres,43865
Veracruz de Ignacio de la Llave,60 Años,60,Mujeres,48994
Veracruz de Ignacio de la Llave,61 Años,61,Hombres,25175
Veracruz de Ignacio de la Llave,61 Años,61,Mujeres,28826
Veracruz de Ignacio de la Llave,62 Años,62,Hombres,32616
Veracruz de Ignacio de la Llave,62 Años,62,Mujeres,36507
Veracruz de Ignacio de la Llave,63 Años,63,Hombres,31243
Veracruz de Ignacio de la Llave,63 Años,63,Mujeres,35699
Veracruz de Ignacio de la Llave,64 Años,64,Hombres,30100
Veracruz de Ignacio de la Llave,64 Años,64,Mujeres,34825
Veracruz de Ignacio de la Llave,65 Años,65,Hombres,33732
Veracruz de Ignacio de la Llave,65 Años,65,Mujeres,38183
Veracruz de Ignacio de la Llave,66 Años,66,Hombres,23918
Veracruz de Ignacio de la Llave,66 Años,66,Mujeres,27463
Veracruz de Ignacio de la Llave,67 Años,67,Hombres,24667
Veracruz de Ignacio de la Llave,67 Años,67,Mujeres,27041
Veracruz de Ignacio de la Llave,68 Años,68,Hombres,27474
Veracruz de Ignacio de la Llave,68 Años,68,Mujeres,32063
Veracruz de Ignacio de la Llave,69 Años,69,Hombres,20940
Veracruz de Ignacio de la Llave,69 Años,69,Mujeres,23752
Veracruz de Ignacio de la Llave,70 Años,70,Hombres,25226
Veracruz de Ignacio de la Llave,70 Años,70,Mujeres,29016
Veracruz de Ignacio de la Llave,71 Años,71,Hombres,15110
Veracruz de Ignacio de la Llave,71 Años,71,Mujeres,16782
Veracruz de Ignacio de la Llave,72 Años,72,Hombres,20982
Veracruz de Ignacio de la Llave,72 Años,72,Mujeres,23108
Veracruz de Ignacio de la Llave,73 Años,73,Hombres,17812
Veracruz de Ignacio de la Llave,73 Años,73,Mujeres,19846
Veracruz de Ignacio de la Llave,74 Años,74,Hombres,16305
Veracruz de Ignacio de la Llave,74 Años,74,Mujeres,18969
Veracruz de Ignacio de la Llave,75 Años,75,Hombres,17447
Veracruz de Ignacio de la Llave,75 Años,75,Mujeres,19315
Veracruz de Ignacio de la Llave,76 Años,76,Hombres,14239
Veracruz de Ignacio de la Llave,76 Años,76,Mujeres,16061
Veracruz de Ignacio de la Llave,77 Años,77,Hombres,12122
Veracruz de Ignacio de la Llave,77 Años,77,Mujeres,13253
Veracruz de Ignacio de la Llave,78 Años,78,Hombres,14092
Veracruz de Ignacio de la Llave,78 Años,78,Mujeres,15692
Veracruz de Ignacio de la Llave,79 Años,79,Hombres,11064
Veracruz de Ignacio de la Llave,79 Años,79,Mujeres,12452
Veracruz de Ignacio de la Llave,80 Años,80,Hombres,12897
Veracruz de Ignacio de la Llave,80 Años,80,Mujeres,15458
Veracruz de Ignacio de la Llave,81 Años,81,Hombres,6850
Veracruz de Ignacio de la Llave,81 Años,81,Mujeres,7833
Veracruz de Ignacio de la Llave,82 Años,82,Hombres,8315
Veracruz de Ignacio de la Llave,82 Años,82,Mujeres,10083
Veracruz de Ignacio de la Llave,83 Años,83,Hombres,7487
Veracruz de Ignacio de la Llave,83 Años,83,Mujeres,9406
Veracruz de Ignacio de la Llave,84 Años,84,Hombres,7533
Veracruz de Ignacio de la Llave,84 Años,84,Mujeres,9370
Veracruz de Ignacio de la Llave,85 Años,85,Hombres,6948
Veracruz de Ignacio de la Llave,85 Años,85,Mujeres,8719
Veracruz de Ignacio de la Llave,86 Años,86,Hombres,5499
Veracruz de Ignacio de la Llave,86 Años,86,Mujeres,7002
Veracruz de Ignacio de la Llave,87 Años,87,Hombres,4265
Veracruz de Ignacio de la Llave,87 Años,87,Mujeres,5567
Veracruz de Ignacio de la Llave,88 Años,88,Hombres,3632
Veracruz de Ignacio de la Llave,88 Años,88,Mujeres,4810
Veracruz de Ignacio de la Llave,89 Años,89,Hombres,3340
Veracruz de Ignacio de la Llave,89 Años,89,Mujeres,4616
Veracruz de Ignacio de la Llave,90 Años,90,Hombres,3480
Veracruz de Ignacio de la Llave,90 Años,90,Mujeres,4826
Veracruz de Ignacio de la Llave,91 Años,91,Hombres,1406
Veracruz de Ignacio de la Llave,91 Años,91,Mujeres,1995
Veracruz de Ignacio de la Llave,92 Años,92,Hombres,1667
Veracruz de Ignacio de la Llave,92 Años,92,Mujeres,2314
Veracruz de Ignacio de la Llave,93 Años,93,Hombres,1364
Veracruz de Ignacio de la Llave,93 Años,93,Mujeres,1938
Veracruz de Ignacio de la Llave,94 Años,94,Hombres,1149
Veracruz de Ignacio de la Llave,94 Años,94,Mujeres,1686
Veracruz de Ignacio de la Llave,95 Años,95,Hombres,1028
Veracruz de Ignacio de la Llave,95 Años,95,Mujeres,1526
Veracruz de Ignacio de la Llave,96 Años,96,Hombres,816
Veracruz de Ignacio de la Llave,96 Años,96,Mujeres,1102
Veracruz de Ignacio de la Llave,97 Años,97,Hombres,542
Veracruz de Ignacio de la Llave,97 Años,97,Mujeres,846
Veracruz de Ignacio de la Llave,98 Años,98,Hombres,544
Veracruz de Ignacio de la Llave,98 Años,98,Mujeres,845
Veracruz de Ignacio de la Llave,99 Años,99,Hombres,398
Veracruz de Ignacio de la Llave,99 Años,99,Mujeres,657
Veracruz de Ignacio de la Llave,100 años y más,100,Hombres,799
Veracruz de Ignacio de la Llave,100 años y más,100,Mujeres,1358
Veracruz de Ignacio de la Llave,No especificado,NA,Hombres,1707
Veracruz de Ignacio de la Llave,No especificado,NA,Mujeres,1763
Yucatán,0 Años,0,Hombres,15978
Yucatán,0 Años,0,Mujeres,15600
Yucatán,1 Año,1,Hombres,17271
Yucatán,1 Año,1,Mujeres,16906
Yucatán,2 Años,2,Hombres,18061
Yucatán,2 Años,2,Mujeres,17335
Yucatán,3 Años,3,Hombres,18489
Yucatán,3 Años,3,Mujeres,17890
Yucatán,4 Años,4,Hombres,19536
Yucatán,4 Años,4,Mujeres,18920
Yucatán,5 Años,5,Hombres,19249
Yucatán,5 Años,5,Mujeres,19052
Yucatán,6 Años,6,Hombres,18847
Yucatán,6 Años,6,Mujeres,18337
Yucatán,7 Años,7,Hombres,18968
Yucatán,7 Años,7,Mujeres,18420
Yucatán,8 Años,8,Hombres,18860
Yucatán,8 Años,8,Mujeres,18459
Yucatán,9 Años,9,Hombres,17978
Yucatán,9 Años,9,Mujeres,17952
Yucatán,10 Años,10,Hombres,19637
Yucatán,10 Años,10,Mujeres,19025
Yucatán,11 Años,11,Hombres,18757
Yucatán,11 Años,11,Mujeres,18271
Yucatán,12 Años,12,Hombres,19857
Yucatán,12 Años,12,Mujeres,19006
Yucatán,13 Años,13,Hombres,18815
Yucatán,13 Años,13,Mujeres,18375
Yucatán,14 Años,14,Hombres,18767
Yucatán,14 Años,14,Mujeres,18627
Yucatán,15 Años,15,Hombres,19724
Yucatán,15 Años,15,Mujeres,19060
Yucatán,16 Años,16,Hombres,18633
Yucatán,16 Años,16,Mujeres,18473
Yucatán,17 Años,17,Hombres,20378
Yucatán,17 Años,17,Mujeres,19409
Yucatán,18 Años,18,Hombres,21436
Yucatán,18 Años,18,Mujeres,20490
Yucatán,19 Años,19,Hombres,19246
Yucatán,19 Años,19,Mujeres,19514
Yucatán,20 Años,20,Hombres,21636
Yucatán,20 Años,20,Mujeres,21929
Yucatán,21 Años,21,Hombres,18637
Yucatán,21 Años,21,Mujeres,18441
Yucatán,22 Años,22,Hombres,20593
Yucatán,22 Años,22,Mujeres,19965
Yucatán,23 Años,23,Hombres,19426
Yucatán,23 Años,23,Mujeres,19395
Yucatán,24 Años,24,Hombres,19793
Yucatán,24 Años,24,Mujeres,19710
Yucatán,25 Años,25,Hombres,20341
Yucatán,25 Años,25,Mujeres,20314
Yucatán,26 Años,26,Hombres,18753
Yucatán,26 Años,26,Mujeres,19494
Yucatán,27 Años,27,Hombres,18890
Yucatán,27 Años,27,Mujeres,19255
Yucatán,28 Años,28,Hombres,19067
Yucatán,28 Años,28,Mujeres,19321
Yucatán,29 Años,29,Hombres,17475
Yucatán,29 Años,29,Mujeres,18065
Yucatán,30 Años,30,Hombres,22245
Yucatán,30 Años,30,Mujeres,22713
Yucatán,31 Años,31,Hombres,14680
Yucatán,31 Años,31,Mujeres,16062
Yucatán,32 Años,32,Hombres,18210
Yucatán,32 Años,32,Mujeres,19120
Yucatán,33 Años,33,Hombres,17289
Yucatán,33 Años,33,Mujeres,18276
Yucatán,34 Años,34,Hombres,16779
Yucatán,34 Años,34,Mujeres,17661
Yucatán,35 Años,35,Hombres,18415
Yucatán,35 Años,35,Mujeres,19401
Yucatán,36 Años,36,Hombres,17219
Yucatán,36 Años,36,Mujeres,18163
Yucatán,37 Años,37,Hombres,15487
Yucatán,37 Años,37,Mujeres,16399
Yucatán,38 Años,38,Hombres,18197
Yucatán,38 Años,38,Mujeres,18861
Yucatán,39 Años,39,Hombres,15559
Yucatán,39 Años,39,Mujeres,16398
Yucatán,40 Años,40,Hombres,19436
Yucatán,40 Años,40,Mujeres,20751
Yucatán,41 Años,41,Hombres,12096
Yucatán,41 Años,41,Mujeres,13200
Yucatán,42 Años,42,Hombres,17817
Yucatán,42 Años,42,Mujeres,18500
Yucatán,43 Años,43,Hombres,14777
Yucatán,43 Años,43,Mujeres,16318
Yucatán,44 Años,44,Hombres,13633
Yucatán,44 Años,44,Mujeres,14703
Yucatán,45 Años,45,Hombres,16791
Yucatán,45 Años,45,Mujeres,17997
Yucatán,46 Años,46,Hombres,13600
Yucatán,46 Años,46,Mujeres,15006
Yucatán,47 Años,47,Hombres,13628
Yucatán,47 Años,47,Mujeres,14624
Yucatán,48 Años,48,Hombres,13611
Yucatán,48 Años,48,Mujeres,14544
Yucatán,49 Años,49,Hombres,12617
Yucatán,49 Años,49,Mujeres,13615
Yucatán,50 Años,50,Hombres,14953
Yucatán,50 Años,50,Mujeres,16456
Yucatán,51 Años,51,Hombres,9222
Yucatán,51 Años,51,Mujeres,10364
Yucatán,52 Años,52,Hombres,12389
Yucatán,52 Años,52,Mujeres,13321
Yucatán,53 Años,53,Hombres,10622
Yucatán,53 Años,53,Mujeres,11835
Yucatán,54 Años,54,Hombres,10700
Yucatán,54 Años,54,Mujeres,12496
Yucatán,55 Años,55,Hombres,10949
Yucatán,55 Años,55,Mujeres,12528
Yucatán,56 Años,56,Hombres,10266
Yucatán,56 Años,56,Mujeres,11184
Yucatán,57 Años,57,Hombres,8939
Yucatán,57 Años,57,Mujeres,10087
Yucatán,58 Años,58,Hombres,9403
Yucatán,58 Años,58,Mujeres,10462
Yucatán,59 Años,59,Hombres,9269
Yucatán,59 Años,59,Mujeres,10096
Yucatán,60 Años,60,Hombres,10550
Yucatán,60 Años,60,Mujeres,11774
Yucatán,61 Años,61,Hombres,6406
Yucatán,61 Años,61,Mujeres,7347
Yucatán,62 Años,62,Hombres,8154
Yucatán,62 Años,62,Mujeres,9164
Yucatán,63 Años,63,Hombres,8106
Yucatán,63 Años,63,Mujeres,8818
Yucatán,64 Años,64,Hombres,7667
Yucatán,64 Años,64,Mujeres,8787
Yucatán,65 Años,65,Hombres,9224
Yucatán,65 Años,65,Mujeres,10214
Yucatán,66 Años,66,Hombres,6482
Yucatán,66 Años,66,Mujeres,7610
Yucatán,67 Años,67,Hombres,6478
Yucatán,67 Años,67,Mujeres,6915
Yucatán,68 Años,68,Hombres,6609
Yucatán,68 Años,68,Mujeres,7486
Yucatán,69 Años,69,Hombres,5477
Yucatán,69 Años,69,Mujeres,5823
Yucatán,70 Años,70,Hombres,6798
Yucatán,70 Años,70,Mujeres,7423
Yucatán,71 Años,71,Hombres,4426
Yucatán,71 Años,71,Mujeres,4701
Yucatán,72 Años,72,Hombres,5644
Yucatán,72 Años,72,Mujeres,6131
Yucatán,73 Años,73,Hombres,4462
Yucatán,73 Años,73,Mujeres,5070
Yucatán,74 Años,74,Hombres,4048
Yucatán,74 Años,74,Mujeres,4521
Yucatán,75 Años,75,Hombres,4323
Yucatán,75 Años,75,Mujeres,4762
Yucatán,76 Años,76,Hombres,3571
Yucatán,76 Años,76,Mujeres,3898
Yucatán,77 Años,77,Hombres,3164
Yucatán,77 Años,77,Mujeres,3333
Yucatán,78 Años,78,Hombres,3403
Yucatán,78 Años,78,Mujeres,3708
Yucatán,79 Años,79,Hombres,2702
Yucatán,79 Años,79,Mujeres,2748
Yucatán,80 Años,80,Hombres,3039
Yucatán,80 Años,80,Mujeres,3338
Yucatán,81 Años,81,Hombres,1784
Yucatán,81 Años,81,Mujeres,1998
Yucatán,82 Años,82,Hombres,2135
Yucatán,82 Años,82,Mujeres,2385
Yucatán,83 Años,83,Hombres,1789
Yucatán,83 Años,83,Mujeres,2160
Yucatán,84 Años,84,Hombres,1772
Yucatán,84 Años,84,Mujeres,2076
Yucatán,85 Años,85,Hombres,1489
Yucatán,85 Años,85,Mujeres,1845
Yucatán,86 Años,86,Hombres,1301
Yucatán,86 Años,86,Mujeres,1512
Yucatán,87 Años,87,Hombres,1048
Yucatán,87 Años,87,Mujeres,1283
Yucatán,88 Años,88,Hombres,898
Yucatán,88 Años,88,Mujeres,1069
Yucatán,89 Años,89,Hombres,794
Yucatán,89 Años,89,Mujeres,985
Yucatán,90 Años,90,Hombres,698
Yucatán,90 Años,90,Mujeres,924
Yucatán,91 Años,91,Hombres,340
Yucatán,91 Años,91,Mujeres,427
Yucatán,92 Años,92,Hombres,400
Yucatán,92 Años,92,Mujeres,505
Yucatán,93 Años,93,Hombres,325
Yucatán,93 Años,93,Mujeres,429
Yucatán,94 Años,94,Hombres,260
Yucatán,94 Años,94,Mujeres,339
Yucatán,95 Años,95,Hombres,215
Yucatán,95 Años,95,Mujeres,296
Yucatán,96 Años,96,Hombres,168
Yucatán,96 Años,96,Mujeres,212
Yucatán,97 Años,97,Hombres,96
Yucatán,97 Años,97,Mujeres,164
Yucatán,98 Años,98,Hombres,86
Yucatán,98 Años,98,Mujeres,147
Yucatán,99 Años,99,Hombres,75
Yucatán,99 Años,99,Mujeres,97
Yucatán,100 años y más,100,Hombres,81
Yucatán,100 años y más,100,Mujeres,124
Yucatán,No especificado,NA,Hombres,1896
Yucatán,No especificado,NA,Mujeres,1920
Zacatecas,0 Años,0,Hombres,14118
Zacatecas,0 Años,0,Mujeres,13882
Zacatecas,1 Año,1,Hombres,14893
Zacatecas,1 Año,1,Mujeres,14433
Zacatecas,2 Años,2,Hombres,15602
Zacatecas,2 Años,2,Mujeres,15505
Zacatecas,3 Años,3,Hombres,15907
Zacatecas,3 Años,3,Mujeres,15684
Zacatecas,4 Años,4,Hombres,16043
Zacatecas,4 Años,4,Mujeres,15678
Zacatecas,5 Años,5,Hombres,16309
Zacatecas,5 Años,5,Mujeres,15702
Zacatecas,6 Años,6,Hombres,15102
Zacatecas,6 Años,6,Mujeres,15200
Zacatecas,7 Años,7,Hombres,15515
Zacatecas,7 Años,7,Mujeres,15194
Zacatecas,8 Años,8,Hombres,16134
Zacatecas,8 Años,8,Mujeres,15728
Zacatecas,9 Años,9,Hombres,15381
Zacatecas,9 Años,9,Mujeres,15439
Zacatecas,10 Años,10,Hombres,16215
Zacatecas,10 Años,10,Mujeres,15808
Zacatecas,11 Años,11,Hombres,15055
Zacatecas,11 Años,11,Mujeres,14532
Zacatecas,12 Años,12,Hombres,15879
Zacatecas,12 Años,12,Mujeres,14880
Zacatecas,13 Años,13,Hombres,14814
Zacatecas,13 Años,13,Mujeres,14518
Zacatecas,14 Años,14,Hombres,14949
Zacatecas,14 Años,14,Mujeres,14705
Zacatecas,15 Años,15,Hombres,14886
Zacatecas,15 Años,15,Mujeres,14296
Zacatecas,16 Años,16,Hombres,13823
Zacatecas,16 Años,16,Mujeres,13965
Zacatecas,17 Años,17,Hombres,14758
Zacatecas,17 Años,17,Mujeres,14152
Zacatecas,18 Años,18,Hombres,14637
Zacatecas,18 Años,18,Mujeres,14523
Zacatecas,19 Años,19,Hombres,12756
Zacatecas,19 Años,19,Mujeres,13412
Zacatecas,20 Años,20,Hombres,14154
Zacatecas,20 Años,20,Mujeres,14958
Zacatecas,21 Años,21,Hombres,12208
Zacatecas,21 Años,21,Mujeres,12859
Zacatecas,22 Años,22,Hombres,12926
Zacatecas,22 Años,22,Mujeres,13684
Zacatecas,23 Años,23,Hombres,12233
Zacatecas,23 Años,23,Mujeres,12797
Zacatecas,24 Años,24,Hombres,11768
Zacatecas,24 Años,24,Mujeres,12651
Zacatecas,25 Años,25,Hombres,12188
Zacatecas,25 Años,25,Mujeres,13194
Zacatecas,26 Años,26,Hombres,10907
Zacatecas,26 Años,26,Mujeres,12401
Zacatecas,27 Años,27,Hombres,11165
Zacatecas,27 Años,27,Mujeres,12275
Zacatecas,28 Años,28,Hombres,11185
Zacatecas,28 Años,28,Mujeres,12378
Zacatecas,29 Años,29,Hombres,10460
Zacatecas,29 Años,29,Mujeres,11520
Zacatecas,30 Años,30,Hombres,12661
Zacatecas,30 Años,30,Mujeres,14413
Zacatecas,31 Años,31,Hombres,9135
Zacatecas,31 Años,31,Mujeres,10564
Zacatecas,32 Años,32,Hombres,11359
Zacatecas,32 Años,32,Mujeres,12913
Zacatecas,33 Años,33,Hombres,10308
Zacatecas,33 Años,33,Mujeres,11580
Zacatecas,34 Años,34,Hombres,10123
Zacatecas,34 Años,34,Mujeres,11386
Zacatecas,35 Años,35,Hombres,10784
Zacatecas,35 Años,35,Mujeres,12153
Zacatecas,36 Años,36,Hombres,10164
Zacatecas,36 Años,36,Mujeres,11281
Zacatecas,37 Años,37,Hombres,9212
Zacatecas,37 Años,37,Mujeres,10164
Zacatecas,38 Años,38,Hombres,10251
Zacatecas,38 Años,38,Mujeres,11157
Zacatecas,39 Años,39,Hombres,9242
Zacatecas,39 Años,39,Mujeres,10320
Zacatecas,40 Años,40,Hombres,11725
Zacatecas,40 Años,40,Mujeres,13090
Zacatecas,41 Años,41,Hombres,7997
Zacatecas,41 Años,41,Mujeres,8927
Zacatecas,42 Años,42,Hombres,10857
Zacatecas,42 Años,42,Mujeres,12050
Zacatecas,43 Años,43,Hombres,9580
Zacatecas,43 Años,43,Mujeres,10457
Zacatecas,44 Años,44,Hombres,8580
Zacatecas,44 Años,44,Mujeres,9419
Zacatecas,45 Años,45,Hombres,10845
Zacatecas,45 Años,45,Mujeres,11289
Zacatecas,46 Años,46,Hombres,8812
Zacatecas,46 Años,46,Mujeres,9401
Zacatecas,47 Años,47,Hombres,8979
Zacatecas,47 Años,47,Mujeres,9486
Zacatecas,48 Años,48,Hombres,9202
Zacatecas,48 Años,48,Mujeres,9770
Zacatecas,49 Años,49,Hombres,8261
Zacatecas,49 Años,49,Mujeres,9073
Zacatecas,50 Años,50,Hombres,10289
Zacatecas,50 Años,50,Mujeres,11301
Zacatecas,51 Años,51,Hombres,6771
Zacatecas,51 Años,51,Mujeres,7452
Zacatecas,52 Años,52,Hombres,8608
Zacatecas,52 Años,52,Mujeres,9550
Zacatecas,53 Años,53,Hombres,7678
Zacatecas,53 Años,53,Mujeres,8326
Zacatecas,54 Años,54,Hombres,7619
Zacatecas,54 Años,54,Mujeres,8613
Zacatecas,55 Años,55,Hombres,7589
Zacatecas,55 Años,55,Mujeres,8397
Zacatecas,56 Años,56,Hombres,7206
Zacatecas,56 Años,56,Mujeres,7693
Zacatecas,57 Años,57,Hombres,5950
Zacatecas,57 Años,57,Mujeres,6754
Zacatecas,58 Años,58,Hombres,6226
Zacatecas,58 Años,58,Mujeres,6957
Zacatecas,59 Años,59,Hombres,5974
Zacatecas,59 Años,59,Mujeres,6655
Zacatecas,60 Años,60,Hombres,7522
Zacatecas,60 Años,60,Mujeres,8471
Zacatecas,61 Años,61,Hombres,4225
Zacatecas,61 Años,61,Mujeres,4650
Zacatecas,62 Años,62,Hombres,5658
Zacatecas,62 Años,62,Mujeres,6117
Zacatecas,63 Años,63,Hombres,5587
Zacatecas,63 Años,63,Mujeres,5873
Zacatecas,64 Años,64,Hombres,4716
Zacatecas,64 Años,64,Mujeres,5220
Zacatecas,65 Años,65,Hombres,5554
Zacatecas,65 Años,65,Mujeres,5979
Zacatecas,66 Años,66,Hombres,3941
Zacatecas,66 Años,66,Mujeres,4380
Zacatecas,67 Años,67,Hombres,4106
Zacatecas,67 Años,67,Mujeres,4321
Zacatecas,68 Años,68,Hombres,4430
Zacatecas,68 Años,68,Mujeres,4812
Zacatecas,69 Años,69,Hombres,3476
Zacatecas,69 Años,69,Mujeres,3720
Zacatecas,70 Años,70,Hombres,4260
Zacatecas,70 Años,70,Mujeres,4659
Zacatecas,71 Años,71,Hombres,2588
Zacatecas,71 Años,71,Mujeres,2810
Zacatecas,72 Años,72,Hombres,3725
Zacatecas,72 Años,72,Mujeres,3843
Zacatecas,73 Años,73,Hombres,3308
Zacatecas,73 Años,73,Mujeres,3360
Zacatecas,74 Años,74,Hombres,3199
Zacatecas,74 Años,74,Mujeres,3348
Zacatecas,75 Años,75,Hombres,3233
Zacatecas,75 Años,75,Mujeres,3383
Zacatecas,76 Años,76,Hombres,2735
Zacatecas,76 Años,76,Mujeres,2969
Zacatecas,77 Años,77,Hombres,2356
Zacatecas,77 Años,77,Mujeres,2399
Zacatecas,78 Años,78,Hombres,2583
Zacatecas,78 Años,78,Mujeres,2558
Zacatecas,79 Años,79,Hombres,2108
Zacatecas,79 Años,79,Mujeres,2033
Zacatecas,80 Años,80,Hombres,2380
Zacatecas,80 Años,80,Mujeres,2629
Zacatecas,81 Años,81,Hombres,1424
Zacatecas,81 Años,81,Mujeres,1448
Zacatecas,82 Años,82,Hombres,1678
Zacatecas,82 Años,82,Mujeres,1813
Zacatecas,83 Años,83,Hombres,1595
Zacatecas,83 Años,83,Mujeres,1747
Zacatecas,84 Años,84,Hombres,1564
Zacatecas,84 Años,84,Mujeres,1780
Zacatecas,85 Años,85,Hombres,1471
Zacatecas,85 Años,85,Mujeres,1622
Zacatecas,86 Años,86,Hombres,1131
Zacatecas,86 Años,86,Mujeres,1305
Zacatecas,87 Años,87,Hombres,1041
Zacatecas,87 Años,87,Mujeres,1049
Zacatecas,88 Años,88,Hombres,851
Zacatecas,88 Años,88,Mujeres,975
Zacatecas,89 Años,89,Hombres,739
Zacatecas,89 Años,89,Mujeres,791
Zacatecas,90 Años,90,Hombres,786
Zacatecas,90 Años,90,Mujeres,829
Zacatecas,91 Años,91,Hombres,312
Zacatecas,91 Años,91,Mujeres,365
Zacatecas,92 Años,92,Hombres,415
Zacatecas,92 Años,92,Mujeres,464
Zacatecas,93 Años,93,Hombres,350
Zacatecas,93 Años,93,Mujeres,388
Zacatecas,94 Años,94,Hombres,297
Zacatecas,94 Años,94,Mujeres,363
Zacatecas,95 Años,95,Hombres,210
Zacatecas,95 Años,95,Mujeres,308
Zacatecas,96 Años,96,Hombres,193
Zacatecas,96 Años,96,Mujeres,253
Zacatecas,97 Años,97,Hombres,142
Zacatecas,97 Años,97,Mujeres,158
Zacatecas,98 Años,98,Hombres,119
Zacatecas,98 Años,98,Mujeres,166
Zacatecas,99 Años,99,Hombres,74
Zacatecas,99 Años,99,Mujeres,100
Zacatecas,100 años y más,100,Hombres,102
Zacatecas,100 años y más,100,Mujeres,137
Zacatecas,No especificado,NA,Hombres,917
Zacatecas,No especificado,NA,Mujeres,941
